"date","Albania","Austria","Belgium","Bulgaria","Croatia","Cyprus","Czechia","Denmark","Estonia","Euro area","European Union (current composition)","Finland","France","Germany","Greece","Hungary","Ireland","Italy","Latvia","Lithuania","Luxembourg","Malta","Montenegro","Netherlands","North Macedonia","Poland","Portugal","Romania","Serbia","Slovak Republic","Slovenia","Spain","Sweden","Turkey","United Kingdom"
1985-01-01,NA,NA,36.3,NA,NA,NA,NA,1.2,NA,34.2,33.2,NA,54.2,24.6,15.5,NA,51.1,41.1,NA,NA,NA,NA,NA,-8.6,NA,NA,NA,NA,NA,NA,NA,NA,NA,NA,34.5
1985-02-01,NA,NA,36.3,NA,NA,NA,NA,1.2,NA,35.7,34.7,NA,54.2,26.8,15.5,NA,51.1,43.9,NA,NA,NA,NA,NA,-8.6,NA,NA,NA,NA,NA,NA,NA,NA,NA,NA,42.5
1985-03-01,NA,NA,36.3,NA,NA,NA,NA,1.2,NA,35.2,34.2,NA,54.2,22.4,15.5,NA,51.1,48.2,NA,NA,NA,NA,NA,-8.6,NA,NA,NA,NA,NA,NA,NA,NA,NA,NA,34.5
1985-04-01,NA,NA,37.3,NA,NA,NA,NA,1.8,NA,31.1,30.3,NA,44.5,20.1,3.8,NA,45.1,43.6,NA,NA,NA,NA,NA,1.1,NA,NA,NA,NA,NA,NA,NA,NA,NA,NA,34
1985-05-01,NA,NA,37.3,NA,NA,NA,NA,1.8,NA,31.3,30.5,NA,44.5,20.5,3.8,NA,45.1,43.9,NA,NA,NA,NA,NA,1.1,NA,NA,NA,NA,NA,NA,NA,NA,NA,NA,34
1985-06-01,NA,NA,37.3,NA,NA,NA,NA,1.8,NA,32.6,31.7,NA,44.5,24.2,3.8,NA,45.1,43.5,NA,NA,NA,NA,NA,1.1,NA,NA,NA,NA,NA,NA,NA,NA,NA,NA,36
1985-07-01,NA,NA,35.5,NA,NA,NA,NA,-5,NA,33.3,32.1,NA,48.1,25.1,3.8,NA,44.5,42.2,NA,NA,NA,NA,NA,-1.2,NA,NA,NA,NA,NA,NA,NA,NA,NA,NA,30
1985-08-01,NA,NA,35.5,NA,NA,NA,NA,-5,NA,33.8,32.7,NA,48.1,26.6,3.8,NA,44.5,42.2,NA,NA,NA,NA,NA,-1.2,NA,NA,NA,NA,NA,NA,NA,NA,NA,NA,36
1985-09-01,NA,NA,35.5,NA,NA,NA,NA,-5,NA,32.6,31.5,NA,48.1,22.7,3.8,NA,44.5,43.2,NA,NA,NA,NA,NA,-1.2,NA,NA,NA,NA,NA,NA,NA,NA,NA,NA,34
1985-10-01,NA,NA,23.3,NA,NA,NA,NA,-12,NA,31.5,30.2,NA,42.4,21,23.4,NA,42.9,47.1,NA,NA,NA,NA,NA,-2.4,NA,NA,NA,NA,NA,NA,NA,NA,NA,NA,35.5
1985-11-01,NA,NA,23.3,NA,NA,NA,NA,-12,NA,31.1,29.8,NA,42.4,21.7,23.4,NA,42.9,44.5,NA,NA,NA,NA,NA,-2.4,NA,NA,NA,NA,NA,NA,NA,NA,NA,NA,29
1985-12-01,NA,NA,25,NA,NA,NA,NA,-12,NA,31.4,30.2,NA,42.4,20.9,23.4,NA,42.9,46.6,NA,NA,NA,NA,NA,-2.4,NA,NA,NA,NA,NA,NA,NA,NA,NA,NA,23.5
1986-01-01,NA,NA,24.3,NA,NA,NA,NA,-8.6,NA,25.7,24.7,NA,24.1,21.7,22.2,NA,46.7,42.8,NA,NA,NA,NA,NA,-13.2,NA,NA,NA,NA,NA,NA,NA,NA,NA,NA,30.5
1986-02-01,NA,NA,32.4,NA,NA,NA,NA,-8.6,NA,25.2,24.2,NA,24.1,19.4,21.3,NA,46.7,43,NA,NA,NA,NA,NA,-13.2,NA,NA,NA,NA,NA,NA,NA,NA,NA,NA,38
1986-03-01,NA,NA,24.9,NA,NA,NA,NA,-8.6,NA,21.6,20.7,NA,24.1,15.5,25.6,NA,46.7,35,NA,NA,NA,NA,NA,-13.2,NA,NA,NA,NA,NA,NA,NA,NA,NA,NA,33
1986-04-01,NA,NA,22,NA,NA,NA,NA,-6.1,NA,17.5,16.8,NA,20,7.7,22,NA,37.4,35.2,NA,NA,NA,NA,NA,-13,NA,NA,NA,NA,NA,NA,NA,NA,NA,NA,29.5
1986-05-01,NA,NA,25.7,NA,NA,NA,NA,-9.9,NA,15.7,14.9,NA,21.9,3.1,22,NA,37.4,34.3,NA,NA,NA,NA,NA,-21.4,NA,NA,NA,NA,NA,NA,NA,NA,NA,NA,30.5
1986-06-01,NA,NA,37.2,NA,NA,NA,NA,-1.5,NA,20.6,20.1,NA,38.6,5.6,26.6,NA,37.4,32.1,NA,NA,NA,NA,NA,-19.5,NA,NA,20.5,NA,NA,NA,NA,19.5,NA,NA,34
1986-07-01,NA,NA,34.8,NA,NA,NA,NA,-1.5,NA,22.8,22.2,NA,40.4,6.2,25.3,NA,40,35.5,NA,NA,NA,NA,NA,-10.2,NA,NA,20,NA,NA,NA,NA,23.5,NA,NA,33.5
1986-08-01,NA,NA,30.2,NA,NA,NA,NA,0.2,NA,25.2,24.6,NA,40.4,12.4,29.6,NA,45.2,35.5,NA,NA,NA,NA,NA,1.8,NA,NA,25.7,NA,NA,NA,NA,20.8,NA,NA,36.5
1986-09-01,NA,NA,26.9,NA,NA,NA,NA,2.2,NA,23.4,22.8,NA,36.7,12.1,29.3,NA,47.4,33.6,NA,NA,NA,NA,NA,-4.6,NA,NA,21.9,NA,NA,NA,NA,20.4,NA,NA,33.5
1986-10-01,NA,NA,34.4,NA,NA,NA,NA,8.2,NA,22.1,21.7,NA,35.8,7.4,27.2,NA,42,34.4,NA,NA,NA,NA,NA,-4.1,NA,NA,21.5,NA,NA,NA,NA,21,NA,NA,28.5
1986-11-01,NA,NA,37.9,NA,NA,NA,NA,24.7,NA,22.6,22.7,NA,33.9,10.3,24.3,NA,46.7,34.2,NA,NA,NA,NA,NA,-7.4,NA,NA,16.4,NA,NA,NA,NA,22.8,NA,NA,19.5
1986-12-01,NA,NA,34.9,NA,NA,NA,NA,22.4,NA,26.1,26,NA,33.4,16.4,29.1,NA,44.4,38.3,NA,NA,NA,NA,NA,-7.8,NA,NA,19.9,NA,NA,NA,NA,30.1,NA,NA,23
1987-01-01,NA,NA,33.6,NA,NA,NA,NA,18.1,NA,25.3,25.1,NA,36.4,14.3,31.1,NA,41.8,31.8,NA,NA,NA,NA,NA,-4.4,NA,NA,16.7,NA,NA,NA,NA,35.1,NA,NA,18
1987-02-01,NA,NA,34.3,NA,NA,NA,NA,14,NA,30.2,29.8,NA,42.7,20.8,32.5,NA,30.8,37.6,NA,NA,NA,NA,NA,-0.3,NA,NA,19.5,NA,NA,NA,NA,34.5,NA,NA,15.5
1987-03-01,NA,NA,38.2,NA,NA,NA,NA,22.6,NA,29.3,29.2,NA,45.4,19.9,30.6,NA,29.7,34,NA,NA,NA,NA,NA,-1,NA,NA,13.3,NA,NA,NA,NA,31.7,NA,NA,13.5
1987-04-01,NA,NA,35.4,NA,NA,NA,NA,24.2,NA,30.2,30.1,NA,45.6,18.8,29.6,NA,32.4,37.6,NA,NA,NA,NA,NA,2.8,NA,NA,13.9,NA,NA,NA,NA,34.7,NA,NA,7.5
1987-05-01,NA,NA,32.8,NA,NA,NA,NA,16.6,NA,30.7,30.4,NA,48.2,20.4,32.6,NA,45.1,36.2,NA,NA,NA,NA,NA,4.5,NA,NA,16.1,NA,NA,NA,NA,30.4,NA,NA,6
1987-06-01,NA,NA,30.4,NA,NA,NA,NA,34.3,NA,28.2,28.4,NA,40.7,20.7,29.4,NA,47.3,38.5,NA,NA,NA,NA,NA,0.4,NA,NA,12.9,NA,NA,NA,NA,19.7,NA,NA,2.5
1987-07-01,NA,NA,33.5,NA,NA,NA,NA,34.3,NA,30.6,30.7,NA,41.3,26.2,31.2,NA,47.9,37.3,NA,NA,NA,NA,NA,11.2,NA,NA,4.4,NA,NA,NA,NA,21.1,NA,NA,1.5
1987-08-01,NA,NA,34.3,NA,NA,NA,NA,32.5,NA,32.3,32.3,NA,41.3,30.5,28.7,NA,47.5,37.3,NA,NA,NA,NA,NA,11.7,NA,NA,6.7,NA,NA,NA,NA,23.4,NA,NA,2.5
1987-09-01,NA,NA,34.2,NA,NA,NA,NA,18.8,NA,28.6,28.4,NA,27.7,29.1,31.5,NA,54.7,40.2,NA,NA,NA,NA,NA,6.3,NA,NA,7.5,NA,NA,NA,NA,15.5,NA,NA,7.5
1987-10-01,NA,NA,33,NA,NA,NA,NA,31.6,NA,31.2,31.2,NA,38.3,30.2,31.3,NA,48.3,38,NA,NA,NA,NA,NA,6.8,NA,NA,5.2,NA,NA,NA,NA,21.7,NA,NA,-0.5
1987-11-01,NA,NA,30.7,NA,NA,NA,NA,31,NA,31.8,31.8,14.4,26.4,33.8,29.7,NA,49.2,43.4,NA,NA,NA,NA,NA,9.8,NA,NA,12.7,NA,NA,NA,NA,30.1,NA,NA,2
1987-12-01,NA,NA,24.9,NA,NA,NA,NA,48,NA,33.3,33.7,14.4,24,43.2,28.6,NA,44.5,41.6,NA,NA,NA,NA,NA,6.7,NA,NA,10.7,NA,NA,NA,NA,28.8,NA,NA,0
1988-01-01,NA,NA,24.4,NA,NA,NA,NA,36.4,NA,32.9,33,14.4,22.8,43,23.1,NA,40.4,38.5,NA,NA,NA,NA,NA,18.7,NA,NA,11.5,NA,NA,NA,NA,29.9,NA,NA,-2.5
1988-02-01,NA,NA,32.7,NA,NA,NA,NA,36.9,NA,34.3,34.3,14.4,28,41.9,22.9,NA,44.5,41,NA,NA,NA,NA,NA,16.9,NA,NA,12.7,NA,NA,NA,NA,28,NA,NA,3
1988-03-01,NA,NA,28.5,NA,NA,NA,NA,32.3,NA,33.4,33.4,14.4,28.7,40,26.5,NA,40.4,42.7,NA,NA,NA,NA,NA,16.7,NA,NA,9.8,NA,NA,NA,NA,22.8,NA,NA,0.5
1988-04-01,NA,NA,25.4,NA,NA,NA,NA,28.1,NA,30.7,30.6,14.4,29.3,33.9,23.7,NA,28,42.6,NA,NA,NA,NA,NA,5.5,NA,NA,13.1,NA,NA,NA,NA,21.8,NA,NA,-4
1988-05-01,NA,NA,19.6,NA,NA,NA,NA,21.2,NA,26.7,26.6,9.5,17.7,32.7,23.3,NA,33.7,42.3,NA,NA,NA,NA,NA,3.8,NA,NA,7.4,NA,NA,NA,NA,15,NA,NA,-5
1988-06-01,NA,NA,19.5,NA,NA,NA,NA,27.4,NA,27.8,27.8,9.5,31.2,29.2,24.8,NA,32.4,39.7,NA,NA,NA,NA,NA,6,NA,NA,7.3,NA,NA,NA,NA,14.1,NA,NA,-7
1988-07-01,NA,NA,20.6,NA,NA,NA,NA,27.4,NA,29.9,29.8,9.5,34.2,32.8,24.5,NA,30.8,39.9,NA,NA,NA,NA,NA,10.6,NA,NA,6.7,NA,NA,NA,NA,14.2,NA,NA,-6
1988-08-01,NA,NA,21.1,NA,NA,NA,NA,34.3,NA,30.1,30.2,9.5,34.2,33.1,19.1,NA,29.4,39.9,NA,NA,NA,NA,NA,8.6,NA,NA,12,NA,NA,NA,NA,16.8,NA,NA,-5.5
1988-09-01,NA,NA,21.7,NA,NA,NA,NA,41.1,NA,28.9,29.2,9.5,35.1,31.5,21.3,NA,31.1,36.1,NA,NA,NA,NA,NA,13.8,NA,NA,7.6,NA,NA,NA,NA,13.2,NA,NA,-8.5
1988-10-01,NA,NA,14.7,NA,NA,NA,NA,35,NA,24,24.3,9.5,30.1,22.3,18.1,NA,30.7,36.5,NA,NA,NA,NA,NA,5.9,NA,NA,3.2,NA,NA,NA,NA,11.5,NA,NA,-2.5
1988-11-01,NA,NA,9.8,NA,NA,NA,NA,37.3,NA,20.8,21.2,-1.4,13.9,24.1,20.3,NA,21.1,33.8,NA,NA,NA,NA,NA,5.3,NA,NA,2.5,NA,NA,NA,NA,16.6,NA,NA,-0.5
1988-12-01,NA,NA,10.2,NA,NA,NA,NA,42.8,NA,22.4,22.9,-1.4,18.2,26,18.4,NA,18.8,35.1,NA,NA,NA,NA,NA,5.4,NA,NA,4.2,NA,NA,NA,NA,15.6,NA,NA,1
1989-01-01,NA,NA,11.3,NA,NA,NA,NA,34.9,NA,17.8,18.2,-1.4,9.4,23.2,20.8,NA,19.9,28.6,NA,NA,NA,NA,NA,1.5,NA,NA,4.5,NA,NA,NA,NA,11.6,NA,NA,-2
1989-02-01,NA,NA,12.2,NA,NA,NA,NA,29.6,NA,22,22.2,-1.4,19.6,25.7,19.2,NA,21.5,33.3,NA,NA,NA,NA,NA,2.1,NA,NA,3,NA,NA,NA,NA,15,NA,NA,-5
1989-03-01,NA,NA,6.2,NA,NA,NA,NA,37.9,NA,18.6,19,-1.4,13.7,21.7,16.8,NA,22.4,32.6,NA,NA,NA,NA,NA,1.1,NA,NA,3.7,NA,NA,NA,NA,10.1,NA,NA,-3
1989-04-01,NA,NA,8.5,NA,NA,NA,NA,31.6,NA,16.7,17.1,-1.4,9.3,16.6,16.8,NA,22.1,35,NA,NA,NA,NA,NA,0.8,NA,NA,3.4,NA,NA,NA,NA,10.3,NA,NA,-4.5
1989-05-01,NA,NA,7.8,NA,NA,NA,NA,26.6,NA,14.6,14.8,-13,9.9,13.6,14.4,NA,24.6,30.4,NA,NA,NA,NA,NA,5.6,NA,NA,3.9,NA,NA,NA,NA,7.3,NA,NA,-2.5
1989-06-01,NA,NA,5.3,NA,NA,NA,NA,27.3,NA,15.1,15.4,-13,21.4,10,15,NA,17.3,29.6,NA,NA,NA,NA,NA,2.1,NA,NA,6.9,NA,NA,NA,NA,5.3,NA,NA,1.5
1989-07-01,NA,NA,6.8,NA,NA,NA,NA,27.3,NA,13.1,13.4,-13,15.1,7.8,14.7,NA,18,28.7,NA,NA,NA,NA,NA,-1.4,NA,NA,7.4,NA,NA,NA,NA,7.4,NA,NA,0.5
1989-08-01,NA,NA,8.6,NA,NA,NA,NA,26.5,NA,13.9,14.2,-13,15.1,11.4,16.5,NA,11.5,28.7,NA,NA,NA,NA,NA,-3.9,NA,NA,4.1,NA,NA,NA,NA,6.2,NA,NA,-0.5
1989-09-01,NA,NA,5.8,NA,NA,NA,NA,23.2,NA,18.7,18.8,-13,22.6,24.5,19.5,NA,18,26.5,NA,NA,NA,NA,NA,-4.8,NA,NA,0.9,NA,NA,NA,NA,3.6,NA,NA,10.5
1989-10-01,NA,NA,7.3,NA,NA,NA,NA,21,NA,18.4,18.5,-13,17,25.6,16.8,NA,10.7,29.5,NA,NA,NA,NA,NA,-5.8,NA,NA,1.8,NA,NA,NA,NA,3.2,NA,NA,17.5
1989-11-01,NA,NA,11.4,NA,NA,NA,NA,24.3,NA,23.7,23.7,6.5,20.7,37.8,26.1,NA,6.1,29,NA,NA,NA,NA,NA,-7.9,NA,NA,-0.1,NA,NA,NA,NA,5.3,NA,NA,14.5
1989-12-01,NA,NA,8.2,NA,NA,NA,NA,26.4,NA,21.4,21.5,6.5,17,34.9,32.9,NA,6.1,27.9,NA,NA,NA,NA,NA,-10.2,NA,NA,1,NA,NA,NA,NA,2.5,NA,NA,15.5
1990-01-01,NA,NA,7.8,NA,NA,NA,NA,22,NA,20.1,20.1,6.5,12.9,35.3,36.9,NA,4.9,25.3,NA,NA,NA,NA,NA,-8.6,NA,NA,6.2,NA,NA,NA,NA,-0.5,NA,NA,15.5
1990-02-01,NA,NA,6.2,NA,NA,NA,NA,21.5,NA,26.2,26.1,6.5,11.7,46.6,38.5,NA,17.6,31.3,NA,NA,NA,NA,NA,-5.3,NA,NA,5.1,NA,NA,NA,NA,11.4,NA,NA,23
1990-03-01,NA,NA,3.1,NA,NA,NA,NA,13.5,NA,23.9,23.7,6.5,8.1,44.2,32.7,NA,12,31,NA,NA,NA,NA,NA,-5.2,NA,NA,0.9,NA,NA,NA,NA,8,NA,NA,17
1990-04-01,NA,NA,7.2,NA,NA,NA,NA,13.5,NA,18.6,18.5,6.5,15,26.3,21.1,NA,5.4,28.4,NA,NA,NA,NA,NA,-2.7,NA,NA,0.5,NA,NA,NA,NA,3.9,NA,NA,19.5
1990-05-01,NA,NA,3.5,NA,NA,NA,NA,20,NA,20.2,20.2,-3.6,20.2,28.2,30.8,NA,8.8,27.3,NA,NA,NA,NA,NA,1.9,NA,NA,-2.1,NA,NA,NA,NA,4.2,NA,NA,20.5
1990-06-01,NA,NA,1.9,NA,NA,NA,NA,20,NA,18.8,18.9,-3.6,14.8,25.9,34.6,NA,9.3,28.3,NA,NA,NA,NA,NA,-0.5,NA,NA,-2.5,NA,NA,NA,NA,7.6,NA,NA,27
1990-07-01,NA,NA,5.8,NA,NA,NA,NA,20,NA,19.8,19.8,-3.6,19.4,24.2,31.1,NA,12.5,30.2,NA,NA,NA,NA,NA,7.6,NA,NA,2.1,NA,NA,NA,NA,3.1,NA,NA,24.6
1990-08-01,NA,NA,6.6,NA,NA,NA,NA,20,NA,22.8,22.7,-3.6,19.4,33.5,36.4,NA,24.2,30.2,NA,NA,NA,NA,NA,-3.3,NA,NA,4.9,NA,NA,NA,NA,6,NA,NA,32.3
1990-09-01,NA,NA,10.6,NA,NA,NA,NA,31,NA,32.1,32,-3.6,25.2,41.2,38.8,NA,27.4,40.4,NA,NA,NA,NA,NA,8.4,NA,NA,7.7,NA,NA,NA,NA,30.3,NA,NA,35
1990-10-01,NA,NA,15,NA,NA,NA,NA,36,NA,31.4,31.5,-3.6,27.1,36.2,41.2,NA,22.2,40.8,NA,NA,NA,NA,NA,14.7,NA,NA,8.9,NA,NA,NA,NA,29.7,NA,NA,37.9
1990-11-01,NA,NA,20.8,NA,NA,NA,NA,33,NA,35.5,35.5,41.8,32.5,40.1,37.8,NA,7.8,41.3,NA,NA,NA,NA,NA,24.2,NA,NA,6.5,NA,NA,NA,NA,33,NA,NA,43
1990-12-01,NA,NA,24.4,NA,NA,NA,NA,21,NA,37,36.7,41.8,39.5,38.6,38.6,NA,17.1,42.6,NA,NA,NA,NA,NA,27.3,NA,NA,1.8,NA,NA,NA,NA,33,NA,NA,35.9
1991-01-01,NA,NA,24.7,NA,NA,NA,NA,22,NA,37.7,37.3,41.8,44.7,39.3,38.5,NA,28,42.8,NA,NA,NA,NA,NA,12.1,NA,NA,12.7,NA,NA,NA,NA,31.6,NA,NA,50.9
1991-02-01,NA,NA,34.5,NA,NA,NA,NA,26.5,NA,40.2,39.9,41.8,40.8,44.1,39.6,NA,45.3,44.4,NA,NA,NA,NA,NA,27.5,NA,NA,10.2,NA,NA,NA,NA,33.1,NA,NA,55.6
1991-03-01,NA,NA,18.7,NA,NA,NA,NA,17,NA,36.7,36.2,41.8,32.2,51,41.3,NA,34.5,38.9,NA,NA,NA,NA,NA,9.2,NA,NA,4.9,NA,NA,NA,NA,23.2,NA,NA,47.4
1991-04-01,NA,NA,18.7,NA,NA,NA,NA,22.5,NA,39,38.6,41.8,48.4,46.9,42.7,NA,35,39.9,NA,NA,NA,NA,NA,18.4,NA,NA,7.5,NA,NA,NA,NA,18.5,NA,NA,44.8
1991-05-01,NA,NA,21.1,NA,NA,NA,NA,30.5,NA,38.7,38.5,35.9,45.9,47.3,42.5,NA,36.4,42.2,NA,NA,NA,NA,NA,17.7,NA,NA,8.2,NA,NA,NA,NA,15,NA,NA,47.9
1991-06-01,NA,NA,21.5,NA,NA,NA,NA,30,NA,35.8,35.7,35.9,51,38,45.2,NA,41.1,38.6,NA,NA,NA,NA,NA,12.2,NA,NA,1.6,NA,NA,NA,NA,16.3,NA,NA,46.9
1991-07-01,NA,NA,23.2,NA,NA,NA,NA,30,NA,39.3,39.1,35.9,58.2,41.3,42.8,NA,44.2,39,NA,NA,NA,NA,NA,17.4,NA,NA,1.9,NA,NA,NA,NA,21.9,NA,NA,46.5
1991-08-01,NA,NA,23.2,NA,NA,NA,NA,28,NA,40.3,40,26,58.2,43.7,43.4,NA,46.7,39,NA,NA,NA,NA,NA,12.9,NA,NA,10.1,NA,NA,NA,NA,26,NA,NA,45.4
1991-09-01,NA,NA,26.3,NA,NA,NA,NA,29,NA,36.2,36,26,61.2,30.1,44.2,NA,49,41.8,NA,NA,NA,NA,NA,14.3,NA,NA,8.4,NA,NA,NA,NA,14.4,NA,NA,40.5
1991-10-01,NA,NA,24.6,NA,NA,NA,NA,30.5,NA,37.2,37.1,26,55.9,28,48.4,NA,49,42,NA,NA,NA,NA,NA,34.6,NA,NA,8.1,NA,NA,NA,NA,29.4,NA,NA,39.5
1991-11-01,NA,NA,30.1,NA,NA,NA,NA,30.5,NA,39.7,39.5,19.5,57.6,31.5,49.4,NA,41.9,42.7,NA,NA,NA,NA,NA,28.5,NA,NA,15.3,NA,NA,NA,NA,39,NA,NA,39.6
1991-12-01,NA,NA,36.1,NA,NA,NA,NA,19,NA,42.1,41.6,19.5,62.5,34.1,45.2,NA,50.5,44.6,NA,NA,NA,NA,NA,25.1,NA,NA,16.1,NA,NA,NA,NA,40.1,NA,NA,41.6
1992-01-01,NA,NA,34.1,NA,NA,NA,NA,24.5,NA,40.8,40.4,19.5,57.4,35.3,44,NA,44.3,45,NA,NA,NA,NA,NA,24.6,NA,NA,18.7,NA,NA,NA,NA,34.8,NA,NA,41.2
1992-02-01,NA,NA,40.5,NA,NA,NA,NA,29,NA,43.3,43,3.3,54.1,38.7,43.8,NA,44.2,53.3,NA,NA,NA,NA,NA,22.3,NA,NA,16.3,NA,NA,NA,NA,39.9,NA,NA,41.2
1992-03-01,NA,NA,41.9,NA,NA,NA,NA,31.5,NA,43.1,42.8,3.3,51.6,41.1,47.5,NA,42.4,47.8,NA,NA,NA,NA,NA,26.9,NA,NA,16.3,NA,NA,NA,NA,43,NA,NA,34.4
1992-04-01,NA,NA,43.4,NA,NA,NA,NA,31,NA,39.2,39,3.3,44,38.7,45.8,NA,53.7,43.1,NA,NA,NA,NA,NA,25.1,NA,NA,24.3,NA,NA,NA,NA,35.1,NA,NA,28
1992-05-01,NA,NA,35.6,NA,NA,NA,NA,25.5,NA,37.7,37.4,4.3,36.1,41,43.6,NA,50,43.1,NA,NA,NA,NA,NA,19.3,NA,NA,26.1,NA,NA,NA,NA,35.6,NA,NA,26.1
1992-06-01,NA,NA,36.5,NA,NA,NA,NA,24.5,NA,40,39.6,4.3,54,33.3,45.7,NA,45.2,49.1,NA,NA,NA,NA,NA,16.8,NA,NA,22.8,NA,NA,NA,NA,35.6,NA,NA,34.7
1992-07-01,NA,NA,33.1,NA,NA,NA,NA,24.5,NA,43.7,43.2,4.3,59.6,35.1,48,NA,50.6,51.5,NA,NA,NA,NA,NA,21.1,NA,NA,28.4,NA,NA,NA,NA,46.4,NA,NA,41.3
1992-08-01,NA,NA,35.8,NA,NA,NA,NA,29.5,NA,45.8,45.5,15.4,59.6,37.5,56.3,NA,48.7,51.5,NA,NA,NA,NA,NA,18.8,NA,NA,34.7,NA,NA,NA,NA,55.2,NA,NA,45.3
1992-09-01,NA,NA,39.3,NA,NA,NA,NA,33,NA,47.9,47.5,15.4,52.4,43.4,54.9,NA,51.9,61.3,NA,NA,NA,NA,NA,17.4,NA,NA,30,NA,NA,NA,NA,50.8,NA,NA,47.9
1992-10-01,NA,NA,50.7,NA,NA,NA,NA,34.5,71.5,52.2,51.8,15.4,52.4,45.4,51.4,NA,57.4,64.7,NA,NA,NA,NA,NA,32.6,NA,NA,22.2,NA,NA,NA,NA,68.4,NA,NA,55.6
1992-11-01,NA,NA,53.8,NA,NA,NA,NA,42,71.5,56.1,55.8,16.1,57.6,51.2,52.2,NA,50.6,63.1,NA,NA,NA,NA,NA,53.6,NA,NA,31.3,NA,NA,NA,NA,68.6,NA,NA,57.5
1992-12-01,NA,NA,50.3,NA,NA,NA,NA,39,71.5,59.8,59.4,16.1,63.7,58.2,51,NA,41,66.4,NA,NA,NA,NA,NA,49,NA,NA,32.3,NA,NA,NA,NA,69,NA,NA,56
1993-01-01,NA,NA,53.8,NA,NA,NA,NA,31,71.5,60.3,59.6,16.1,66.5,58,51.4,NA,45.5,65.4,54,NA,NA,NA,NA,46.6,NA,NA,44.6,NA,NA,NA,NA,68.1,NA,NA,48.7
1993-02-01,NA,NA,59.6,NA,NA,NA,NA,30.5,71.5,61.9,61.2,21.5,64.7,58.3,47.5,62.1,50.9,69,54,NA,NA,NA,NA,63.9,NA,NA,53.2,NA,NA,NA,NA,65.3,NA,NA,56.5
1993-03-01,NA,NA,56.9,NA,NA,NA,NA,30.5,71.5,63.1,62.4,21.5,55.1,65.7,45.5,57.7,52.5,70.8,54,NA,NA,NA,NA,76.4,NA,NA,59.9,NA,NA,NA,NA,63,NA,NA,49.7
1993-04-01,NA,NA,61.3,NA,NA,NA,NA,34,81,54.5,54,21.5,37.8,55.7,43.9,48.8,33.6,68.1,44.5,NA,NA,NA,NA,66.6,NA,NA,59.6,NA,NA,NA,NA,54.8,NA,NA,41
1993-05-01,NA,NA,54.5,NA,NA,NA,NA,26,81,53.7,53,17.9,54.7,57.3,43.7,42,41.4,57.2,44.5,NA,NA,NA,NA,56.3,NA,NA,58.4,NA,NA,NA,NA,40.8,NA,NA,20.5
1993-06-01,NA,NA,54.5,NA,NA,NA,NA,21.5,81,56.8,55.9,17.9,63.6,52.3,45.4,43.9,41.7,60.2,44.5,NA,NA,NA,NA,60.8,NA,NA,63.7,NA,NA,NA,NA,58.1,NA,NA,27.4
1993-07-01,NA,NA,49.4,NA,NA,NA,NA,21.5,81,58.7,57.7,17.9,67.2,59.3,40.3,46.3,43.9,58.8,50,NA,NA,NA,NA,63.7,NA,NA,69.4,NA,NA,NA,NA,50.8,NA,NA,29.3
1993-08-01,NA,NA,55.5,NA,NA,NA,NA,29,81,59.8,58.9,16.2,67.2,60.6,42,40.4,39.1,58.8,50,NA,NA,NA,NA,58.6,NA,NA,64.2,NA,NA,NA,NA,59.1,NA,NA,21.6
1993-09-01,NA,NA,59.3,NA,NA,NA,NA,27,81,58.6,57.7,16.2,61.6,58,34.9,39.5,36.6,69.1,50,NA,NA,NA,NA,51.8,NA,NA,63.7,NA,NA,NA,NA,49.9,NA,NA,24.5
1993-10-01,NA,NA,63.4,NA,NA,NA,NA,27,53.5,60.6,59.7,16.2,61.6,61.2,25.2,37.5,33.3,67.5,48.5,NA,NA,NA,NA,61.6,NA,NA,68.2,NA,NA,NA,NA,58.3,NA,NA,30
1993-11-01,NA,NA,51.2,NA,NA,NA,NA,27,53.5,62.1,61.1,19.6,60,65.7,30.2,31.3,39.2,68.3,48.5,NA,NA,NA,NA,61.7,NA,NA,67.8,NA,NA,NA,NA,62.5,NA,NA,30
1993-12-01,NA,NA,51.7,NA,NA,NA,NA,18,53.5,59.6,58.4,19.6,60.5,60.9,32.8,26.8,37.4,66.7,48.5,NA,NA,NA,NA,62.5,NA,NA,61.2,NA,NA,NA,NA,55.5,NA,NA,25.7
1994-01-01,NA,NA,49.5,NA,NA,NA,NA,7,53.5,56,54.7,19.6,53.9,58.8,35.6,28.6,27.3,61.3,49,NA,NA,NA,NA,58.7,NA,NA,61.8,NA,NA,NA,NA,54.4,NA,NA,17.3
1994-02-01,NA,NA,51.6,NA,NA,NA,NA,-0.5,53.5,53.3,51.8,-8.9,49.2,58.1,38,20.7,32.8,59.4,49,NA,NA,NA,NA,47.6,NA,NA,62.5,NA,NA,NA,NA,51.2,NA,NA,24.3
1994-03-01,NA,NA,41,NA,NA,NA,NA,4,53.5,47.3,46.1,-8.9,43.3,52,36.8,19.8,30.8,50.4,49,NA,NA,NA,NA,46.2,NA,NA,57.2,NA,NA,NA,NA,48.3,NA,NA,31.2
1994-04-01,NA,NA,35.4,NA,NA,NA,NA,-1.5,44.5,38,36.9,-8.9,38.2,43.9,37.7,12.2,26.5,30.9,37.5,NA,NA,NA,NA,45.3,NA,NA,64.1,NA,NA,NA,NA,34.2,NA,NA,26.1
1994-05-01,NA,NA,31,NA,NA,NA,NA,5,44.5,31.2,30.3,-21.7,33.7,35.5,40.1,-3,22.1,21.9,37.5,NA,NA,NA,NA,43.5,NA,NA,59,NA,NA,NA,NA,27,NA,NA,18.5
1994-06-01,NA,NA,31.5,NA,NA,NA,NA,-3,44.5,25.8,25,-21.7,34.2,29.4,43.2,0.7,21.2,11.3,37.5,NA,NA,NA,NA,31.1,NA,NA,54,NA,NA,NA,NA,21.4,NA,NA,17.5
1994-07-01,NA,NA,31.8,NA,NA,NA,NA,-3,44.5,26.9,26,-21.7,44.6,26.6,41.2,4.3,32.1,15,36,NA,NA,NA,NA,26.6,NA,NA,54.7,NA,NA,NA,NA,14.1,NA,NA,20.1
1994-08-01,NA,NA,24.9,NA,NA,NA,NA,-13,44.5,27.4,26.4,-8,44.6,31.1,42.3,17.7,27.3,15,36,NA,NA,NA,NA,6.1,NA,NA,54.5,NA,NA,NA,NA,16.1,NA,NA,19.3
1994-09-01,NA,NA,25.5,NA,NA,NA,NA,-10,44.5,20.9,20.3,-8,16.7,27,38.5,23.5,21.4,20.4,36,NA,NA,NA,NA,1,NA,NA,52.6,NA,NA,NA,NA,14.4,NA,NA,19.3
1994-10-01,NA,NA,24.8,NA,NA,NA,NA,-5,30.5,25.3,24.6,-8,29.2,20.5,42,23.4,21.4,28.5,35.5,NA,NA,NA,NA,14.8,NA,NA,46.4,NA,NA,NA,NA,28.7,NA,NA,13.9
1994-11-01,NA,NA,23.1,NA,NA,NA,NA,-5,30.5,26,25.5,-23.1,33.6,22.4,44.4,42.2,15.2,26.8,35.5,NA,NA,NA,NA,22.2,NA,NA,49.6,NA,NA,NA,NA,23.3,NA,NA,17.8
1994-12-01,NA,NA,22.3,NA,NA,NA,NA,-9,30.5,25.3,24.6,-23.1,25.6,23.6,46,36.3,9.4,26.8,35.5,NA,NA,NA,NA,29.7,NA,NA,49.1,NA,NA,NA,NA,25.1,NA,NA,19.5
1995-01-01,NA,NA,26,NA,NA,NA,30.4,-12,30.5,25,24.4,-16,30.9,28.9,46.7,35.3,10,16.9,29.5,NA,NA,NA,NA,21.3,NA,NA,52,NA,NA,NA,NA,17.6,NA,NA,13.6
1995-02-01,NA,NA,31.4,NA,NA,NA,30.4,-20.5,30.5,24.9,24,-12,22.5,31.4,43.1,39.4,11.9,15.7,29.5,NA,NA,NA,NA,15.6,NA,NA,55,NA,NA,NA,NA,27.3,NA,NA,20.1
1995-03-01,NA,NA,30.1,NA,NA,NA,30.4,-18,30.5,22.5,21.9,-12,17.3,22.8,50.8,50.2,9.4,23,29.5,NA,NA,NA,NA,19.8,NA,NA,51.2,NA,NA,NA,NA,23.1,NA,NA,18.7
1995-04-01,NA,NA,24.6,NA,NA,NA,26.4,-13.5,24.5,20.4,20,-12,12.7,24.2,45.1,49.4,21.5,18,31,NA,NA,NA,NA,18.6,NA,NA,52,NA,NA,NA,NA,21,NA,NA,20
1995-05-01,NA,NA,24.4,NA,NA,NA,26.4,-12.5,24.5,14.6,14.4,-15.7,-0.9,23.3,48,48.2,19.5,11,31,NA,NA,NA,NA,17.5,NA,NA,55,NA,NA,NA,NA,7.7,NA,NA,15.8
1995-06-01,NA,NA,21.5,NA,NA,NA,26.4,-14,24.5,15.7,15.4,-15.7,-2.8,26.2,43.9,46.9,23.2,13.3,31,NA,NA,NA,NA,17.6,NA,NA,48.8,NA,NA,NA,NA,11.5,NA,NA,11.6
1995-07-01,NA,NA,24.1,NA,NA,NA,21.4,-14,24.5,16.7,16.3,-15.7,-1,29.2,49.4,42.9,19.7,6,31,NA,NA,NA,NA,22.8,NA,NA,49.9,NA,NA,NA,NA,18.3,NA,NA,6.8
1995-08-01,NA,NA,34.6,NA,NA,NA,21.4,-12.5,24.5,18.4,17.9,-2.3,-1,35.5,49.5,42.8,19.8,5.1,31,NA,NA,NA,NA,7.3,NA,NA,43.6,NA,NA,NA,NA,20.5,NA,NA,11.2
1995-09-01,NA,NA,37.3,NA,NA,NA,21.4,-14.5,24.5,22,21.3,-2.3,8.3,35.3,49,32.7,17.5,15.2,31,NA,NA,NA,NA,5.6,NA,NA,41.1,NA,NA,NA,NA,18.9,NA,NA,17
1995-10-01,NA,39,46.6,NA,NA,NA,21.1,-12,18.5,28,26.5,-5.7,23.4,38,51.1,34.6,21,16.8,36,NA,NA,NA,NA,4.3,NA,NA,30.2,NA,NA,NA,NA,32.2,2.1,NA,11.8
1995-11-01,NA,39.8,56,NA,NA,NA,21.1,-7.5,18.5,30.3,28.8,-6.3,30.9,41.5,49.5,40.1,14.4,14.6,36,NA,NA,NA,NA,5.9,NA,NA,35.7,NA,NA,NA,NA,29.3,2.6,NA,16.2
1995-12-01,NA,34.7,46,NA,NA,NA,21.1,-5,18.5,35.3,33.4,-4.8,46.7,45.3,49.6,36.9,12.6,20.6,36,NA,NA,NA,NA,6.3,NA,NA,39.4,NA,NA,NA,NA,29.3,-0.3,NA,15.9
1996-01-01,NA,40.4,43,NA,NA,NA,24.1,-10,12.5,36.1,34.4,3.7,42.4,54.4,48.6,36.3,8,20.8,34,NA,NA,NA,NA,4.9,NA,NA,40.7,NA,NA,NA,NA,17.4,13.8,NA,8.7
1996-02-01,NA,40.3,50.5,NA,NA,NA,24.1,-6.5,12.5,38.7,37.2,1.7,46.5,53.8,39.7,40.6,11.1,25,34,NA,NA,NA,NA,23.2,NA,NA,41.7,NA,NA,NA,NA,18.4,22.5,NA,14.4
1996-03-01,NA,42.6,41,NA,NA,NA,24.1,4,12.5,38.2,37,-0.9,49.6,51.5,47.3,39.7,15.7,23.1,34,NA,NA,NA,NA,23.5,NA,NA,52.2,NA,NA,NA,35.6,16.5,25.6,NA,14.7
1996-04-01,NA,45.1,33.5,NA,NA,NA,25.9,2.5,24.5,36.1,34.7,-2.5,47.3,49.6,49.7,33.5,14,19.2,34,NA,NA,NA,NA,24.2,NA,NA,55.2,NA,NA,NA,40.1,14.1,15.5,NA,14.8
1996-05-01,NA,42.6,36,NA,NA,NA,25.9,4.5,24.5,30.1,29.2,-3.1,41,44,47.9,39,21.8,9.6,34,NA,NA,NA,NA,17.9,NA,NA,57.2,NA,NA,NA,39.3,5.5,15.5,NA,15.7
1996-06-01,NA,42.1,36,NA,NA,NA,25.9,10,24.5,30.3,29.7,-5,37.1,47.6,51.8,36.7,12.2,10.6,34,NA,NA,NA,NA,13.5,NA,NA,51.1,NA,NA,NA,31.1,6.6,24.1,NA,13.9
1996-07-01,NA,45.9,32.5,NA,NA,NA,20.2,2.5,38.5,36.5,35.3,-2.6,55.9,47.3,53.3,36.5,13.2,21.3,26,NA,NA,NA,NA,8.4,NA,NA,49.7,NA,NA,NA,31.3,13.5,26.5,NA,8.3
1996-08-01,NA,46.5,32,NA,NA,NA,20.2,5,38.5,36.6,35.4,-2.8,54.2,49.5,51.6,34.9,18.4,20.1,26,NA,NA,NA,NA,6.6,NA,NA,54.4,NA,NA,NA,27.6,13.2,25.3,NA,10.3
1996-09-01,NA,49.4,34.5,NA,NA,NA,20.2,-3.5,38.5,36.5,34.8,-5.3,52.6,49.5,42.9,32.9,12.6,26.1,26,NA,NA,NA,NA,-6.7,NA,NA,48,NA,NA,NA,30.1,13.5,11.6,NA,8.5
1996-10-01,NA,49.3,27,NA,NA,NA,24,-3.5,27.5,37.6,36.2,-5.7,54.8,50,38,31.7,4.7,27.3,41.2,NA,NA,NA,NA,-9,NA,NA,44,NA,NA,NA,33.9,22.9,24.5,NA,7.1
1996-11-01,NA,49.6,27,NA,NA,NA,24,-1.5,27.5,40.7,39.1,-10.6,56.9,50.5,45.2,31.9,0.4,34.3,41.2,NA,NA,NA,NA,3.4,NA,NA,50,NA,NA,NA,22.5,25.8,22.4,NA,4.9
1996-12-01,NA,52.2,31,NA,NA,NA,24,-6,27.5,39,37.4,-11,44,55.1,48,31.1,-7.4,34.3,41.2,NA,NA,NA,NA,4,NA,NA,39.3,NA,NA,NA,25.8,19.3,24.5,NA,8
1997-01-01,NA,41.4,43.5,NA,NA,NA,37.5,-10.5,34.5,37,35.6,-7.1,47.9,55.1,49.2,35.1,-7.5,26.4,37.1,NA,NA,NA,NA,-2.4,NA,NA,44.1,NA,NA,NA,27.4,10.3,22.5,NA,3.5
1997-02-01,NA,41.2,46,NA,NA,NA,37.5,-2,34.5,36,34.8,-12.4,40,53.3,55.5,37.3,-10.9,30.8,37.1,NA,NA,NA,NA,-2.2,NA,NA,28,NA,NA,NA,27.5,14.4,21.3,NA,4.8
1997-03-01,NA,31.2,58,NA,NA,NA,37.5,-7.5,34.5,37.4,35.9,-12.5,51.3,54.4,49.6,33.3,-12.1,26.5,37.1,NA,NA,NA,NA,-3,NA,NA,22,NA,NA,NA,28.8,14.1,17.7,NA,5.9
1997-04-01,NA,32.5,56,NA,NA,NA,46.6,-11,41.5,34.4,33.1,-17,47.1,46.8,50.8,29.5,-11.8,32.4,33.8,NA,NA,NA,NA,-5.8,NA,NA,16,NA,NA,NA,35.4,6.8,17.5,NA,6
1997-05-01,NA,30.3,44.5,NA,NA,NA,46.6,-11,41.5,29.6,28.5,-16.7,36.8,44.9,46.5,25,-13.6,29.6,33.8,NA,NA,NA,NA,-12,NA,NA,8.8,NA,NA,NA,33.8,1.1,13.3,NA,-7
1997-06-01,NA,42.9,38,NA,NA,NA,46.6,-16.5,41.5,26.7,25.5,-15,17.3,48,53.7,20.3,-14.5,29.8,33.8,NA,NA,NA,NA,-12.4,NA,NA,2.2,NA,NA,NA,33.6,-2.1,9.1,NA,-7
1997-07-01,NA,41.9,36,NA,NA,NA,53.7,-14,37.3,28.8,27.5,-9.8,31.2,47.8,48.1,16.8,-8,27.6,31,NA,NA,NA,NA,-11.7,NA,NA,-4,NA,NA,NA,31.4,-1.2,7.8,NA,-13.9
1997-08-01,NA,41.3,30,NA,NA,NA,53.7,-12,37.3,27.2,26,-11,31.2,47.4,53.7,18.6,-11.9,21,31,NA,NA,NA,NA,-15.4,NA,NA,-11,NA,NA,NA,27.5,2.4,6.9,NA,-6.9
1997-09-01,NA,40,34.5,NA,NA,NA,53.7,-12,37.3,26.8,25.3,-15.8,19.7,47.5,46.2,15.3,-18,26.6,31,NA,NA,NA,NA,-11,NA,NA,20.5,NA,NA,NA,29.6,2.5,-5.9,NA,-5.4
1997-10-01,NA,40.7,24,NA,NA,NA,58.6,-5.5,27.7,28.7,27.2,-17.4,27.1,50.1,41.6,15.6,-19.1,22.1,25.6,NA,NA,NA,NA,-9.2,NA,NA,20.2,NA,NA,NA,27.5,11.7,-8.5,NA,-8.7
1997-11-01,NA,43.7,31,NA,NA,NA,58.6,-16.5,27.7,30.4,28.5,-17,32.2,50.5,47.1,17.9,-18.7,23.1,25.6,NA,NA,NA,NA,-12,NA,NA,23.3,NA,NA,NA,30.6,11.6,-10.1,NA,-6.4
1997-12-01,NA,41.9,31,NA,NA,NA,58.6,-15,27.7,31.1,29.3,-17.4,26.4,54.6,47.8,20,-13.5,27.2,25.6,NA,NA,NA,NA,-14,NA,NA,21.3,NA,NA,NA,28.3,11,-7.5,NA,-1.2
1998-01-01,NA,35,22,NA,NA,NA,58.8,-19,31,29.5,27.7,-16.1,28.8,53.6,49.1,17.5,-13.1,22.5,23.5,NA,NA,NA,NA,-11,NA,NA,25.8,NA,NA,NA,28.8,7.4,-6.1,NA,-7.3
1998-02-01,NA,27.1,18.5,NA,NA,NA,58.8,-15.5,31,27.4,25.9,-17.3,18.7,53.8,54.2,14.7,-15.5,25,23.5,NA,NA,NA,NA,-22.4,NA,NA,23.6,NA,NA,NA,31.1,9.6,-2,NA,-5
1998-03-01,NA,31.6,13.5,NA,NA,NA,58.8,-11,31,24.6,23.3,-20.3,18.9,43.4,59.6,5.3,-21.5,27.5,23.5,NA,NA,NA,NA,-22.8,NA,NA,25.9,NA,NA,NA,34.3,7,-4.3,NA,-3.8
1998-04-01,NA,30,15,NA,NA,NA,50.9,-15.5,27.9,21,19.7,-19,14.2,41.3,56.6,12.1,-20.7,18.5,28.5,NA,NA,NA,NA,-18,NA,NA,22.5,NA,NA,NA,36,3.4,-8.7,NA,-6.1
1998-05-01,NA,33,11.5,NA,NA,NA,50.9,-11.5,27.9,15.5,14.6,-17.3,7.3,34.2,54.7,11.1,-21.1,12.5,28.5,NA,NA,NA,NA,-21.5,NA,NA,21.9,NA,NA,NA,32.1,-2.1,-11.8,NA,-0.5
1998-06-01,NA,32.7,7.5,NA,NA,NA,50.9,-5.5,27.9,15.9,14.8,-15.9,6.2,34.1,53.9,-2.4,-19.9,17.6,28.5,NA,NA,NA,NA,-21.4,NA,NA,21.3,NA,NA,NA,26.3,-4.2,-17.1,NA,3.5
1998-07-01,NA,29.6,10.5,NA,NA,NA,47.4,-6,29.4,13.2,12.3,-18.3,5.6,17.9,55.8,-6.2,-16.6,27.4,24.4,NA,NA,NA,NA,-22.8,NA,NA,21.3,NA,NA,NA,24.5,-2.4,-12.9,NA,10.3
1998-08-01,NA,34.7,7,NA,NA,NA,47.4,-10,29.4,15.6,14.5,-18.5,5.8,25.1,55.7,4.1,-23.3,28.1,24.4,NA,NA,NA,NA,-23.9,NA,NA,19.7,NA,NA,NA,28.1,0.2,-14,NA,23.3
1998-09-01,NA,34.6,16.5,NA,NA,NA,47.4,-17.5,29.4,17,15.9,-11.7,6,25.6,54,11.5,-17.7,27.7,24.4,NA,NA,NA,NA,-12.9,NA,NA,17.8,NA,NA,NA,32.7,2.1,-6.6,NA,22.2
1998-10-01,NA,33.9,25.5,NA,NA,NA,62.1,2,31.2,17.2,16.7,-7.5,18.9,14.4,53.5,12.6,-15.7,27.5,44,NA,NA,NA,NA,-1.6,NA,NA,24.9,NA,NA,NA,28.1,1.3,-5.1,NA,34.4
1998-11-01,NA,33.8,21.5,NA,NA,NA,62.1,2,31.2,15.4,15.3,-5,14.6,11.9,56.5,18.5,-13.9,25.4,44,NA,NA,NA,NA,2.9,NA,NA,22.9,NA,NA,NA,23.9,1.4,1.8,NA,28.4
1998-12-01,NA,30.3,19,NA,NA,NA,62.1,11,31.2,18,18.3,-7.5,17.5,17.8,62.3,22.7,-13.3,27.1,44,NA,NA,NA,NA,1.2,NA,NA,26.1,NA,NA,NA,26.1,2.1,15.7,NA,33.4
1999-01-01,NA,29.4,9,NA,NA,NA,67.8,10,56.8,15.6,16.2,-7.1,13.7,18.2,57.9,26.9,-19.5,24.5,29.1,NA,NA,NA,NA,1.5,NA,NA,22,NA,NA,NA,23.4,-3.2,16.3,NA,28.5
1999-02-01,NA,26.4,12.5,NA,NA,NA,NA,10.5,56.8,15.5,15.4,-2.3,8.5,16.3,58.2,22.7,-15.2,28.1,29.1,NA,NA,NA,NA,2.9,NA,NA,18.1,NA,NA,NA,30.1,1.4,12.4,NA,24.1
1999-03-01,NA,29.3,13,NA,NA,NA,NA,8.5,56.8,17.2,16.8,-10.5,8.3,22.6,58.3,21.8,-18.4,29.6,29.1,NA,NA,NA,NA,-1.8,NA,NA,19.5,NA,NA,NA,32.3,0.3,9.6,NA,17.8
1999-04-01,NA,24.3,17,NA,NA,NA,65.9,13,55.9,21.6,21.5,-13.5,22.6,26.7,61.5,25.6,-24.7,30.7,36.4,NA,NA,NA,NA,-0.8,NA,NA,13.9,NA,NA,54.2,36,1.4,6.9,NA,18.2
1999-05-01,NA,23.4,11.5,NA,NA,NA,NA,9.5,55.9,16.7,16.1,-13.3,11.6,21.2,51.5,24.3,-24,32.3,36.4,NA,NA,NA,NA,-3.1,NA,NA,13.8,NA,NA,54.2,23.6,-6.1,-2.2,NA,16.5
1999-06-01,NA,18.7,22,NA,NA,NA,NA,11,55.9,17,16.1,-13.8,9.4,27,47.4,23.1,-25.6,28,36.4,NA,NA,NA,NA,-5.6,NA,NA,12.9,NA,NA,54.2,22.9,-6.6,-11.7,NA,15.1
1999-07-01,NA,19.2,8.5,NA,NA,NA,57.4,10,54.3,13.1,12.9,-14.2,5,22.4,51.7,27,-24,21.7,25.3,NA,NA,NA,NA,-12.9,NA,NA,12,NA,NA,56.3,19.6,-3.6,-14,NA,13
1999-08-01,NA,12.9,10.5,NA,NA,NA,NA,5.5,54.3,14.3,13.4,-12.8,5,26.4,50.3,22.9,-20.1,21.1,25.3,NA,NA,NA,NA,-13.6,NA,NA,13.5,NA,NA,56.3,16.9,-0.8,-15.8,NA,10
1999-09-01,NA,12.1,5,NA,NA,NA,NA,2.5,54.3,13.6,12.6,-15.8,4.2,27.3,46.5,22.4,-18.9,19.5,25.3,NA,NA,NA,NA,-21,NA,NA,15.1,NA,NA,56.3,28.1,1,-18,NA,10.2
1999-10-01,NA,13.1,4,NA,NA,NA,58.6,2,40.9,13.5,13,-16.9,11.9,23.3,45.2,18.1,-24.4,19.1,NA,NA,NA,NA,NA,-22.5,NA,NA,11,NA,NA,52,12.8,1.7,-16.3,NA,3.5
1999-11-01,NA,8.3,-0.5,NA,NA,NA,NA,5,40.9,11.9,11.1,-17.2,2.2,22.5,42.2,20.6,-26.9,23,NA,NA,NA,NA,NA,-22,NA,NA,11.2,NA,NA,52,26.3,2.6,-16,NA,10.5
1999-12-01,NA,15.3,2,NA,NA,NA,NA,2.5,40.9,13.5,12.6,-14.9,5.3,21.1,40.3,25.8,-30.1,26.7,NA,NA,NA,NA,NA,-15,NA,NA,16.6,NA,NA,52,15.7,1.7,-17.7,NA,7
2000-01-01,NA,7.1,-12.4,NA,NA,NA,60.5,-4,51,7.3,7,-16.2,-4.2,15.7,36.6,22.2,-25.6,19.6,21.6,NA,NA,NA,NA,-21.6,NA,NA,11.8,NA,NA,40.7,16,1.4,-18.7,NA,7.4
2000-02-01,NA,11.4,-3.5,NA,NA,NA,NA,-3.5,51,9.6,8.7,-17,-2,18.2,45.2,22.8,-23.6,24.3,21.6,NA,NA,NA,NA,-23.9,NA,NA,9.7,NA,NA,40.7,13.9,-1,-15.7,NA,9.3
2000-03-01,NA,8.7,-4.5,NA,NA,NA,NA,-8,51,7.5,6.6,-14.2,-3.9,17.3,38.6,23.9,-26.3,20.1,21.6,NA,NA,NA,NA,-20.1,NA,NA,11.7,NA,NA,40.7,14.9,-6.3,-22.1,NA,11.4
2000-04-01,NA,6.4,-7,NA,NA,NA,47.6,-10,43.7,4.3,3.9,-9.3,-9.7,16.2,24.8,28.6,-29.5,15.7,NA,NA,NA,NA,NA,-25.3,NA,NA,13.4,NA,NA,44.6,14.9,-8.1,-22.8,NA,16.7
2000-05-01,NA,-1.4,-15.3,NA,NA,NA,NA,-8,43.7,0.8,0.1,-8,-11.1,3.4,28.6,22.1,-24.5,19.4,NA,NA,NA,NA,NA,-20.9,NA,NA,10.3,NA,NA,39.2,11.4,-8.7,-24.5,NA,16
2000-06-01,NA,-0.2,-14.5,NA,NA,NA,NA,-7.5,43.7,1.5,0.8,-10.3,-12.6,7.7,30.3,22.8,-24.5,16.7,NA,NA,NA,NA,NA,-18.6,NA,NA,8.6,NA,NA,35.4,10.9,-6.9,-26.5,NA,14.4
2000-07-01,NA,-4.4,-12.4,NA,NA,NA,35.9,-7.5,47.8,1.3,1,-13.4,-11.6,8.8,32.2,25.3,20.9,9.8,NA,NA,NA,NA,NA,-18.3,NA,NA,8.1,NA,NA,34.4,5.7,-5,-26,NA,15.5
2000-08-01,NA,-1.9,-13,NA,NA,NA,35.6,-10,47.8,1.4,0.9,-11.6,-6,4.1,35.5,25.8,-25.5,11.4,NA,NA,NA,NA,NA,-19,NA,NA,8.9,NA,NA,30.4,28.1,-1.5,-28,NA,12
2000-09-01,NA,6,-8,NA,NA,NA,NA,-3.5,47.8,4.5,3.7,-8.8,-0.5,4.6,32.3,25.5,-24.4,16.1,NA,NA,NA,NA,NA,-19.2,NA,NA,12,NA,NA,31.3,10.5,3.8,-25.5,NA,14.9
2000-10-01,NA,3.5,-15,NA,NA,NA,35.6,2,46.2,4.4,4.1,-8.8,-2.2,8.7,37.7,24.8,-24.3,10.7,NA,NA,NA,NA,NA,-20.7,NA,NA,12.7,NA,NA,25.9,7.9,7.4,-24,NA,8.2
2000-11-01,NA,-7.6,-12.9,NA,NA,NA,NA,0.5,46.2,2.7,2.2,-5.8,-7.6,6.9,35.8,24.8,-18.8,13,NA,NA,NA,NA,NA,-17.8,NA,NA,15.8,NA,NA,29.2,8.2,1.4,-18.5,NA,8.7
2000-12-01,NA,2.2,-17.2,NA,NA,NA,NA,-3,46.2,3.6,3.3,-13,-10.6,10.2,40.5,31.6,-16.8,11.4,NA,NA,NA,NA,NA,-17.4,NA,NA,13.5,NA,NA,40.3,10.9,7.5,-11.5,NA,11.6
2001-01-01,NA,2.2,-12.4,NA,NA,NA,22.1,0,41.4,1.5,1.6,-13.6,-12.7,6.8,36.2,31.1,-4.7,5.1,NA,NA,NA,NA,NA,-6.4,NA,NA,14.7,NA,NA,40,9.5,4.4,-9.5,NA,11.2
2001-02-01,NA,-1.2,2.3,NA,NA,NA,16.3,-1.5,41.4,6.8,6.7,-8.7,-10.1,16.2,41.4,24.8,-6.5,9,NA,NA,NA,NA,NA,-4.9,NA,NA,14.4,NA,NA,37.7,11.7,10.6,-1.7,NA,16.1
2001-03-01,NA,-8.1,0.4,NA,NA,NA,13.8,0.5,41.4,5.2,5.3,2.4,-9.3,13.9,41.1,20.2,2.6,5.9,NA,NA,NA,NA,NA,-3.2,NA,NA,13.1,NA,NA,48.5,9.8,5,2.8,NA,12.2
2001-04-01,NA,-2.9,5.4,NA,NA,NA,5.6,2.5,50.5,7.9,8.1,3.3,7.6,12.2,39.6,21.4,3.7,1.2,NA,NA,NA,NA,NA,3.6,NA,NA,11.6,NA,NA,38.9,12.7,6.3,16.8,NA,16
2001-05-01,NA,-3.3,5.7,20.1,NA,25.5,3.1,3,42.1,10.1,11.9,0.3,15.8,16.7,47,20.7,4.5,-1.8,16.6,46.5,NA,NA,NA,0.8,NA,61,12.3,32.5,NA,32.8,12,5.4,16.7,NA,16
2001-06-01,NA,7.3,4.1,10.6,NA,29,6.3,0.5,34.6,9.9,11.2,1.5,11.5,20.8,42.3,18.7,2.7,-4,10.7,39.8,NA,NA,NA,0.2,NA,57.5,17,34.5,NA,30.5,12.6,2.6,4.7,NA,7.8
2001-07-01,NA,19.3,4.7,-1.6,NA,30.5,12.9,-1,33.4,15.4,15.9,2.3,24.9,25.9,43,17.2,9.5,-2,14.9,32.9,NA,NA,NA,2.1,NA,51,18.9,28,NA,34.6,8.6,5.9,5.8,NA,10.6
2001-08-01,NA,21.5,13.9,-1,NA,26.7,15.3,-4,29.2,21,21.5,16.5,30.8,33.7,39.3,19.4,28,1.8,13.6,31.9,NA,NA,NA,20.4,NA,57.5,18.8,22.5,NA,-8.5,11.3,5,22.4,NA,21.1
2001-09-01,NA,30.9,24.1,13.5,NA,28.3,17.6,0,32.4,24.7,25.1,21,36.7,34.7,43.2,19.8,31.1,3.1,14,36.2,NA,NA,NA,19.4,NA,56.5,22.9,29.7,NA,29.8,7.8,13.2,30.1,NA,20.4
2001-10-01,NA,39,43.6,25.3,NA,54.1,15.9,9.5,32.2,31.3,31.1,23.7,43.6,35.5,52.1,19.3,44.2,13.8,12.1,38.5,NA,NA,NA,37.3,NA,49,24.9,31.5,NA,35.3,16.2,17.6,30.8,NA,33
2001-11-01,NA,36.5,62.3,27.8,NA,38.9,22.4,13.5,32.1,35.2,35,28.7,44.9,44.1,41.6,18.6,44.2,13.4,13.7,37.1,NA,NA,NA,41.9,NA,50.5,26.1,41.5,NA,33.8,18.9,22.9,36,NA,30.1
2001-12-01,NA,35.1,36.3,25.9,NA,30,22.4,8,31.4,32,32.1,22.2,40.6,45.2,38.3,27.9,38.4,9.2,15.3,31.4,NA,NA,NA,34.7,NA,54,25.6,37.5,NA,28.4,17.5,21.9,32.2,NA,31.1
2002-01-01,NA,24,27,26.6,NA,31,15.6,14,29.4,28,28.6,19.1,39,41.7,46,31.6,32.7,2.6,16.1,30.9,27,NA,NA,21.9,NA,56,28.8,52,NA,36.5,19,19.7,25.8,NA,25.7
2002-02-01,NA,15.2,26.5,32,NA,30.6,23.7,12,28.4,27.3,27.6,11.7,39.7,39.2,40.1,22.5,30.8,4.9,19.1,30.7,15.5,NA,NA,17.6,NA,54,29.7,45.5,NA,29.4,34.5,22.3,17.5,NA,22.8
2002-03-01,NA,15.7,23.3,33.5,NA,33.7,28.6,7.5,27.8,24.8,25,13.7,27.2,34.8,39.9,11,37.5,11,18.6,30.9,18.5,NA,NA,18,NA,58,25.8,45.4,NA,32.8,37.6,21.7,3.4,NA,22.8
2002-04-01,NA,18.2,21.8,27.8,NA,31,25.4,4,23.3,21.8,22.3,4.9,26.3,30.5,43.5,4.2,22.2,6.1,19.3,28.6,20.5,NA,NA,19.2,NA,58,29.1,50.3,NA,34.9,33.6,16.5,10.7,NA,17
2002-05-01,NA,18.2,19.6,26.7,NA,33.4,22.7,8.5,18.2,18.7,19.6,5.5,19.9,28.2,34.1,4.9,22.2,2.5,18.6,28,14,NA,NA,14.3,NA,51,37.4,46.9,NA,35.8,26.3,16.7,14.8,NA,16.2
2002-06-01,NA,20.3,21.6,26.1,NA,32.3,20.5,5,18.3,19.6,19.8,7.4,18.8,26,33.7,4.2,20.2,5.2,20.3,25.3,14,NA,NA,30.6,NA,50.5,49.9,43.9,NA,38.6,27,14.8,1.3,NA,17.4
2002-07-01,NA,25.8,29,24.7,NA,31.9,21.8,1,16.5,23.7,23.4,10.9,29.3,29.2,25.7,5.4,34.3,7.6,17.5,23.7,17.5,NA,NA,33.8,NA,49,47.3,46.6,NA,31.4,26,16,1.7,NA,19.9
2002-08-01,NA,30.5,25.2,24.1,NA,31.1,22.8,3.5,15.6,27.6,26.9,14.6,33.6,35.8,29.2,9.4,39.2,10,19.2,23.1,21.5,NA,NA,39.4,NA,46,46.9,40.2,NA,30.3,27.1,18.3,2.4,NA,17.6
2002-09-01,NA,21.8,27.7,25.4,NA,33.2,29.1,8,12.6,26.3,26,14.9,38,24.7,31.3,12.9,41,12.6,13.8,19.1,24.5,NA,NA,41.8,NA,48,50.6,40.3,NA,21.9,28,21.8,0.2,NA,16.9
2002-10-01,NA,20.5,28.5,22,NA,36.9,37.4,1,13.2,31.8,31.1,21.7,43.9,32.4,35.9,13.6,39.6,18.9,13,19.2,32.5,NA,NA,46.9,NA,43,55.1,40.5,NA,24.4,28.6,24.6,15.5,NA,18.6
2002-11-01,NA,22.1,32.9,22,NA,29.4,32.5,7.5,19.9,34.4,33.6,21.9,41,41.7,38.7,21.4,42,18.9,12.7,18.4,43,16.4,NA,46.9,NA,49.5,58.6,38.7,NA,31.4,25.3,26.1,10.5,NA,16.7
2002-12-01,NA,22.5,39.1,19.5,NA,25.3,39.1,24.5,25.8,38.5,37.9,19.8,37.9,48.5,40.7,29.8,40.7,31.4,15.8,16,46,12.9,NA,46.9,NA,56.5,59.2,35.7,NA,32.4,25.2,26.5,13.1,NA,25.2
2003-01-01,NA,24.8,39.7,17,NA,27.8,41.5,16,20.9,36.9,36.2,17.6,42.5,47.6,45.8,33.9,43,20.3,18.6,3.7,43,10,NA,48.8,NA,49,62.2,38.2,NA,31.5,24.4,22.9,14.5,NA,19.1
2003-02-01,NA,21,48.9,19.7,NA,26.9,38.9,23,20.8,40.8,40,16,57.8,48.5,48.5,46.9,44.9,17.2,19.4,4.8,41,10.8,NA,55.9,NA,47.5,69.1,41.7,NA,34.8,32.8,26.6,18.2,NA,19.9
2003-03-01,NA,28.5,51.3,21.9,NA,32.8,43.8,31,10.4,42.2,41.5,16.3,61.7,48.5,50,41.3,41.9,19.6,21.6,5.6,46,0.4,NA,59.8,NA,48.5,68.5,46.3,NA,30.6,31.3,23.4,19.9,NA,19.9
2003-04-01,NA,33.2,43.4,24.5,NA,38.6,39.6,33,18.3,39.4,39.1,17.3,57.5,46.4,44.2,35,41,16.9,14.4,5.2,45.5,-9,NA,64.9,NA,46,66.1,53.4,NA,27.3,28.7,16.2,23.5,NA,16.8
2003-05-01,NA,32.5,41.3,22.9,NA,37.4,37.5,24.5,13.4,39,38.3,23.1,50.3,54.2,60.5,34,39.3,17.6,16,4.8,40.9,-0.2,NA,55.2,NA,39.5,62.4,43.9,NA,15.2,36.6,8,25.1,NA,22.1
2003-06-01,NA,37,41.8,22.4,NA,33.9,33.5,26,21.5,36.5,35.9,28.6,46,50.3,60.5,28.9,37.8,14.6,17.2,5.9,38.5,5,NA,60.5,NA,37.5,60,43.8,NA,16.6,38.4,3.1,24.7,NA,24.2
2003-07-01,NA,32,46.4,22.8,NA,32.4,41.1,28,20.3,36.7,36,25,44.5,49.8,57.9,30.6,56.6,13.2,17.1,5,32.7,6.1,NA,67.1,NA,37.5,54.9,39,NA,15.9,32.8,8.1,17.6,NA,23
2003-08-01,NA,34.4,40.3,23.8,NA,35.9,37.2,21,20.2,36.1,35.5,27.7,45.5,49.9,48.6,36,53.2,13.7,20.4,5.6,35.9,14.8,NA,55.3,NA,41.5,53.7,45.2,NA,21.9,27.5,9.4,16,NA,24.1
2003-09-01,NA,29.8,35,16.6,NA,30.9,48.8,24.5,19.3,36.8,36.4,25.4,46.6,51.5,45.2,41.5,50.5,15.1,16.8,12.3,32.1,21.4,NA,58.3,NA,43,55.6,45.4,NA,15.9,24.8,10.1,15.6,NA,21.3
2003-10-01,NA,31.1,59,14.7,NA,34.3,41.7,21.5,18.7,38.1,37.4,24.1,50.6,49,47.8,38.4,40.3,16.8,16.7,7.4,37.2,27,NA,57.7,NA,38,55.7,38.1,NA,16.2,32.4,11.3,22.7,NA,21.2
2003-11-01,NA,32.6,45.5,13.3,NA,32.4,40,27,22.4,36.5,36.1,30.4,47.5,44.8,44.1,38.2,29.4,19.6,13.9,11.5,43.1,34.7,NA,48.5,NA,39.5,57.4,42.6,NA,18.8,30.6,16.4,23.1,NA,25.5
2003-12-01,NA,30,40.2,18.6,NA,31,41.3,22.5,27.1,34.6,34.3,24,43.2,47,48,40.9,28.5,16.4,13.4,8.2,48.3,26.6,NA,40.5,NA,33.5,56.8,42.9,NA,20.4,29.7,13.6,28.7,NA,24.2
2004-01-01,NA,27.1,32.5,15.6,NA,36.6,44,12.5,13.1,30.7,30.5,24.3,23.4,46.5,41.4,39.9,28.8,18.7,19.3,7.9,41.5,45.7,NA,44.5,NA,32,58.4,37.2,NA,16.1,26.8,14,25.2,NA,20.4
2004-02-01,NA,24.9,36.5,15.2,NA,40,50.2,29.5,15.6,32.7,32.8,24.7,34,42.6,38.5,37.7,26.3,23.7,22,7.4,38.9,25.5,NA,38.9,NA,35.5,58.7,37.9,NA,19.9,49.8,17.1,24.9,NA,21.3
2004-03-01,NA,22.9,35,15.6,NA,41.2,40.9,20.5,12.2,30.9,31,21.8,31,45.8,24,33.7,23.2,18,22.7,-0.2,40,22.4,NA,49.9,NA,37,57.4,42.2,NA,6.7,37.9,9,26.8,NA,18.8
2004-04-01,NA,32.8,37,12.9,NA,37.6,27.6,9,11.6,29.8,29.2,15.8,31.3,45.9,20.5,32,18.1,15.9,20.1,1.5,42.3,15.9,NA,44.8,NA,31.5,56.4,33.8,NA,2,35.1,4.7,22.1,NA,21
2004-05-01,NA,35.6,35,15.5,NA,39.2,21.2,9,8.6,30.8,29.4,16.8,33.4,46.3,32.3,25.4,18.8,15.9,17.1,-0.6,40.9,17.1,NA,46.1,NA,12.5,52.1,32.1,NA,-0.5,33.3,6.2,21.4,NA,20.5
2004-06-01,NA,31.1,24.5,14.3,NA,32.3,24.1,2,12.3,28.5,26.9,16.3,33.4,42.3,35.8,20.7,15,15.5,13.5,-8.2,29.4,14.1,NA,38.7,NA,11,41.7,28.7,NA,2.3,26.8,6.4,14.1,NA,17.6
2004-07-01,NA,31.4,29,14.7,NA,42.2,27.8,2,10.2,29,27.7,18.4,33.6,43.5,45.7,25.6,9.8,16.4,12.1,-9.1,31.1,21.8,NA,32.9,NA,16.5,38.6,30.8,NA,3.4,20.8,6.3,16,NA,18.4
2004-08-01,NA,30,25.3,16.8,NA,42.4,25.7,2,10.1,30.3,28.7,11.8,33.8,49.9,50.9,27.8,13.2,15.3,10.7,-10.2,30.1,21.9,NA,23.1,NA,15,40.1,33.8,NA,4.4,18.6,9.2,12.7,NA,21.4
2004-09-01,NA,32.7,28.5,13.7,NA,41.2,25.1,3,7.1,29.8,28.5,23.9,34,41.8,42.7,32.5,9.2,19.9,13.4,-9.4,30.1,27.1,NA,16.9,NA,17.5,44,28.7,NA,7.1,20.9,17.7,15.9,NA,20.6
2004-10-01,NA,29.6,40.5,16.4,NA,45.2,26.9,10.5,10.6,33.4,31.9,22.2,34.7,50.3,46,31.6,6.7,18.8,18,-12.8,31.6,23.3,NA,30.6,NA,18,47.2,28.7,NA,9.1,14.4,19,17.8,NA,20.5
2004-11-01,NA,33.4,42,16.6,NA,44.5,28.3,8.5,8.4,33.5,32,25.6,30.2,53.2,42.6,31.5,12.2,22.7,13.8,-11.9,36.9,27.5,NA,25.3,NA,19,50.6,22.2,NA,5.7,19.5,14.3,19.8,NA,19.7
2004-12-01,NA,31.1,41,18.2,NA,45.3,20.7,7,12.9,34.4,32.3,15,27.8,54.8,41.4,33.7,-0.6,26.5,11.3,-9.6,34.8,24,NA,29.6,NA,14,50.1,21,NA,0.6,40.1,17.5,14,NA,17.8
2005-01-01,NA,26.3,37.5,19.5,NA,38.5,24.1,3.9,16.4,29,27.5,14.3,29.9,43.1,46.1,34,7.4,19.9,13.7,-13.9,34.4,30.1,NA,24,NA,12.7,51.8,25.5,NA,-0.6,39.7,10.3,11.7,NA,15
2005-02-01,NA,28.1,37.5,18,NA,39.8,24.7,5.1,15.9,33.2,31.5,7.8,28.3,54.9,44.9,35.5,10.4,24,7.3,-13.6,42.2,23.1,NA,21.8,NA,18.9,48.7,32.4,NA,3.6,31.7,16.3,11.4,NA,17.1
2005-03-01,NA,24.5,32.5,12.8,NA,48.1,17.5,3.9,3.7,33.4,32,9.6,34,54,46.3,36,6.8,24.5,10.1,-10.4,42.1,16.9,NA,21.8,NA,21.2,42.4,45.6,NA,1.6,37.4,13.7,18.8,NA,14.7
2005-04-01,NA,23.3,32.7,17.6,NA,43.6,16.7,5.6,5.9,28.3,27.2,9.7,34.1,42.9,42.7,36,10.1,20,13.3,-12.5,37.4,17.7,NA,14.3,NA,16.8,41.4,41.9,NA,-1.8,31.8,7.2,15.8,NA,20.6
2005-05-01,NA,30.1,41.9,12,25,46.3,3.4,4.4,5.1,29.8,28.5,14.5,40.6,36.4,40.4,37.2,16.3,24.6,9.4,-13.6,29.8,21.2,NA,22.9,NA,18.7,43,38,NA,-5.5,31.4,7.6,20.6,NA,23.8
2005-06-01,NA,30.4,40.3,5.1,23.9,48.6,8.5,4.4,4.4,30.7,29.5,22.1,34,38.9,48.3,38.3,6.1,29.6,8.1,-17.8,37.4,22.1,NA,31,NA,21.9,50,38.1,NA,-4.1,32.6,5.9,21.8,NA,21.1
2005-07-01,NA,35.8,39.8,12.6,25.6,50.9,7.6,1.1,-1.9,28.7,27.7,19.2,24.4,39.2,42.5,36.7,6.5,29.8,12.3,-13.5,28.3,24.7,NA,25.4,NA,23.4,54.5,40.8,NA,-4.3,30.4,6.3,19.8,NA,20.1
2005-08-01,NA,36.7,35.7,14.3,26.8,48.9,16.6,-3.3,0.1,30,28.6,14.6,29.2,41.6,41.2,38.3,12.6,27.9,5.1,-15.4,25.9,27,NA,20.1,NA,19,51.4,38.9,NA,0.3,31.5,10.7,16.3,NA,25
2005-09-01,NA,33.7,36.7,12.5,34.4,51.8,18.4,-8.1,-1.1,28.5,26.9,15.2,34,33.1,40.2,34.9,20.4,27.7,4.5,-12.6,28.7,21.6,NA,15.5,NA,15.9,51.5,34.5,NA,7.8,41.6,10.7,9.6,NA,24.6
2005-10-01,NA,36.9,36.4,19.6,23.6,40.7,15.6,-6.6,-3,25.9,24.6,10.3,19.3,32.6,46,35.9,15.6,29.3,4.7,-16.3,34.8,22.6,NA,9,NA,8.8,52.4,38.4,NA,-1.7,40,15.2,14.3,NA,26.9
2005-11-01,NA,34.6,39.9,15.6,23.1,46.6,10.7,-5.9,-7.3,26.6,25.1,9.9,16.8,37.4,45.1,30.5,12.5,26.1,-1.8,-20.4,32.5,30.2,NA,12.7,NA,7.7,55.1,37.4,NA,-1.5,39.4,17.4,17.1,NA,25.9
2005-12-01,NA,35.2,34.1,20.3,27.6,43.7,11.6,-11,-7.3,22.3,20.9,3.6,13.5,29.5,43.2,30.5,9.2,25,-2.1,-19.8,40,28,NA,-2.3,NA,6.3,55.5,36.9,NA,3.3,36.6,16.3,9.4,NA,24.7
2006-01-01,NA,24.3,22.9,18.4,19.7,45.4,4.3,-18.1,-14.2,19.2,17.8,8.5,9.5,25.8,37.5,23.3,7.3,25.6,-3.4,-26.4,33.5,22.9,NA,-2.7,NA,5.3,54.8,38.1,NA,-3.8,29.6,13.6,6.5,NA,24.1
2006-02-01,NA,25.1,27.6,21.8,24.8,48.5,9.8,-6.1,-12.4,21.6,20.2,6.3,11.5,34.1,48.9,22.9,5.8,21.2,-0.2,-23.9,34.3,27.2,NA,0.7,NA,4.5,52.9,33.3,NA,1.6,27.9,13.2,5.9,NA,25.6
2006-03-01,NA,21.7,32.3,20.3,22.1,46.4,11.9,-6.1,-14.4,24.2,22.7,19.6,24.4,34.4,45.6,17.5,17.9,22.9,0.3,-25.2,41.3,16.3,NA,-6.5,NA,11.8,46.4,35.3,NA,-0.9,29.6,11.4,6.9,NA,26.3
2006-04-01,NA,20.2,25,20.3,20.3,46.5,4.4,-13.5,-15.4,22.3,20.4,21.1,34,25,48,16.8,11.9,16.8,0.7,-25.8,43.4,16.7,NA,5.5,NA,7,47.3,31.2,NA,1.9,30.6,6.9,1.9,NA,29.4
2006-05-01,NA,17.9,26,21.9,18.9,45.9,2.1,-15,-16.1,14.7,13.8,12.6,12.2,18.2,41.3,30.3,13.3,12.3,-3.3,-24.5,43,15.7,NA,-3.3,NA,6,45.7,37.1,NA,-1.6,26.5,9.6,-2,NA,34
2006-06-01,NA,17.9,20.8,17.8,14.8,50.4,4.8,-12.8,-16.3,12.5,12,3.3,10.4,16.4,38.3,51.9,15.2,14.4,-7.3,-25.5,34.9,20.2,NA,-15,NA,2.9,45.2,31.2,NA,0.5,17.6,4.2,0.6,NA,30.9
2006-07-01,NA,18.6,22.6,16.7,17.4,50,5.9,-13.1,-16.1,13.4,12.6,4.8,5.8,21.2,37.2,57.3,16.6,13.6,-1.9,-23.9,29.7,24,NA,-13.3,NA,0.9,44.2,33.6,NA,-5.1,15.3,8.7,-4.9,NA,31.8
2006-08-01,NA,17.6,13.3,12.4,21.1,52.2,1.8,-13,-15.8,13.2,12.3,4,5.9,21.6,36,56.3,13.1,17.3,-6,-23.3,28.1,18.8,NA,-16.9,NA,-1.3,40.1,29.9,NA,-2.4,12.2,5.9,-2.2,NA,33.5
2006-09-01,NA,13,15.7,13,20.2,48.4,8.7,-14,-21.6,14.5,13.3,-1.4,6,21.2,35.5,58,10.5,20.2,-10.4,-26.6,25.8,19.1,NA,-18.7,NA,-3.5,38.2,31,NA,-3.6,11.8,16.6,-11,NA,36.4
2006-10-01,NA,10.8,12.7,10.4,15,43.1,6.6,-11.7,-18.1,15.3,13.6,1.5,12.6,22.6,39.9,55.7,12.3,20.1,-9.5,-28.7,30.7,18.2,NA,-22.7,NA,-3,42.1,23.9,NA,-9.8,13.8,10.2,-19.7,NA,32.1
2006-11-01,NA,10.7,16,14.7,15.7,38.6,8.1,-14.3,-19.9,14.8,13.2,-0.2,10.4,20.4,42.4,55.7,8.4,20.3,-8.8,-29,32.4,15.6,NA,-13.3,NA,-7.9,40.1,22.9,NA,-11.5,15.2,10.1,-11.8,NA,34
2006-12-01,NA,10.3,40.4,18.4,16.9,40.3,6,-9.5,-19.6,13,11.4,-1.1,18.2,8.1,36.8,58.3,8.6,17.3,-7.6,-26.7,30.2,12.4,NA,-16.7,NA,-9.3,38.3,18.9,NA,-18.1,11.1,11.3,-20.6,NA,32.9
2007-01-01,NA,-5.5,17.7,11.9,11,46.7,6.1,-14.1,-19.1,9,7.6,-1.8,9.5,4.1,38,55.8,9.9,17.7,-5.1,-31.7,25.3,15.8,NA,-18.7,NA,-9.5,39.1,10.5,NA,-19.5,11.2,11.1,-20,NA,32.8
2007-02-01,NA,-5.1,16.3,6.4,11.5,47.3,6.2,-10.8,-15.1,8.8,7.6,7.2,10,3.2,37.9,58,25,17.9,0.4,-28.7,30.7,16.5,NA,-22.2,NA,-4.8,39,17.5,NA,-13,8.9,8.5,-25.4,NA,29.6
2007-03-01,NA,-3.4,15.6,7.2,9.7,45.9,2.2,-8.7,-14.6,10.3,8.9,6.3,16.2,2.2,37.2,52.8,34.8,17.3,-0.5,-28.4,30.5,17.9,NA,-20.6,NA,-7.8,45.9,15.8,NA,-9.5,13.4,10.2,-20.3,NA,30.3
2007-04-01,NA,-4.3,6.7,5.5,5.6,44.3,3.6,-10.6,-12.3,5.9,4.6,-5.2,10.3,-6.5,37.3,51.1,46.4,16.1,-4.2,-29.6,26.9,2.7,NA,-15.3,NA,-15.3,41.6,18.5,NA,-16.5,12.9,6.2,-25.2,NA,28.6
2007-05-01,NA,-6.1,10.6,3.3,10.1,38,2.6,-6.5,-7.1,1.9,1.1,-2.1,-3.8,-10.7,33.1,53,19.5,16.3,-1.7,-31,17.7,-0.8,NA,-10.6,NA,-17.9,37.7,17.4,NA,-13.9,12.3,7.8,-25.9,20.9,26.2
2007-06-01,NA,-6.4,9.2,4.6,9.3,40.7,1,-9.9,-10.9,2.4,1.6,-7.4,-5.4,-9.3,34.3,53.4,25.9,21.4,-6.8,-33.1,20.2,2.4,NA,-19.8,NA,-17.1,44.3,17.7,NA,-17.9,11,7,-23.1,21.3,27.2
2007-07-01,NA,-5.3,12,9.8,8.3,36.5,2.5,-11.2,-8.8,1.8,0.8,-8.2,-5.4,-9.2,38.7,50.6,37.1,17,-8.8,-30.8,12.5,11,NA,-23.7,NA,-20.2,42.3,13.2,NA,-15.5,5.5,7.2,-23.9,19.1,25.9
2007-08-01,NA,-4.9,4.9,10.9,9.6,38.5,0.4,-6.8,-4.1,6.5,5.2,-9.1,-0.9,3.1,36.2,50.8,38.1,19.6,-5.5,-27.5,15.4,2.6,NA,-18.5,NA,-16.8,42.3,17.1,NA,-13.4,7.2,7.4,-22.4,11.7,27.1
2007-09-01,NA,-1.5,6.4,11,14.4,35.3,-2.2,-7.9,-1.2,9.8,8.1,-8.7,3.5,6.2,27.9,52.7,35.4,17.8,-8.5,-22.6,17.6,1.2,NA,-11.1,NA,-16.2,46,13.6,NA,-6.3,10.1,20.1,-22.5,12.4,25.5
2007-10-01,NA,0.1,5.3,13.6,12.1,39.2,-1.5,-9.6,-2.9,10.3,8.6,-7.7,11.3,0.8,26,52.3,39.5,21.6,-2.5,-23.7,20.4,0.7,NA,-11.7,NA,-15,46.1,16,NA,-6,11.9,16.8,-21,19.3,27
2007-11-01,NA,1.1,11.1,11.4,6.9,37.2,4.5,-7.6,3.8,12.4,10.9,5.6,11.8,3.8,38.3,54,42.8,21.9,-3,-18.7,17,-5.4,NA,-10.1,NA,-11.9,44.3,19.7,NA,-5.1,13.4,18.8,-15.5,23.4,28.9
2007-12-01,NA,2.4,6.1,13,12.8,40.8,5.2,2,10.6,12,10.6,1.7,6.3,5.8,38.3,49.4,46.4,22.6,-3.4,-16.9,20.1,-3.8,NA,-12.4,NA,-14.9,47.9,15.2,NA,-12.5,10,20.2,-10.6,20.8,27.7
2008-01-01,NA,1.3,3.8,7.1,9.1,36.7,2.1,2.5,9.9,12.5,11.2,5.1,7.2,5.7,43.9,47.3,47,20.5,4.2,-23,19.3,-3.8,NA,-11.1,NA,-12.2,50.1,17.5,NA,-14,8.3,25.4,-6,20.6,27.7
2008-02-01,NA,1.8,2.6,11.3,10,35.7,-1.9,5.8,17.8,16,14.4,14.4,10.7,11.1,41.4,45.6,52.5,22.8,7.9,-21.2,22,-3.3,NA,-4.5,NA,-16.8,47.9,20,NA,-8.9,11,28.3,3.6,32,29.6
2008-03-01,NA,1.5,-0.6,7.4,14.9,35,-1.8,4.5,19.5,16.4,14.8,4.1,15,11.4,45.1,48.5,50.1,24.1,11,-17.5,20.1,-12.7,NA,-5.1,NA,-13.5,44.4,14.1,NA,-5.9,14.6,24.2,3.4,36,29.4
2008-04-01,NA,-0.9,5.3,10.1,6.4,36.2,1.5,12.6,22.9,13,12,2.3,9.5,0.2,44.2,48.3,58.6,21.4,22,-14.4,17.8,-10.6,NA,-2.3,NA,-16.9,45.6,13.1,NA,-10,4.6,30.9,8.4,37.9,34.6
2008-05-01,NA,4.6,9.3,3.7,12.1,28.9,0.9,11.3,34,13.7,12.7,2.9,11.5,1.6,45.1,46.5,35.5,15.5,22,-3.3,18.3,0.3,NA,-4.1,NA,-16.5,48.8,11.3,NA,-7.6,12.4,39,13.5,39.6,31
2008-06-01,NA,8.4,6.9,10,17.6,33.2,0.8,15.8,27.9,14.1,13.5,2.2,9.6,2.7,35.3,46.1,46.2,14.6,25.5,4.4,15.6,1.5,NA,-0.8,NA,-11,49.7,13.7,NA,-14.8,7,44,20.1,39.2,37.7
2008-07-01,NA,11.1,16.2,9.3,13.5,33.2,4.6,23.4,31.6,21.8,20.6,11.5,18.4,8.7,51.9,44.4,51.5,25.9,28.2,12.3,22.3,4.8,NA,-0.2,NA,-9.6,53.9,13,NA,-10.3,12.8,51.7,23.7,35.6,47.9
2008-08-01,NA,18.5,18.3,6.1,15.6,33,13.7,16.7,34.9,26.6,25.1,10,25.8,22.7,50,42.3,53.6,25.5,34.9,23.5,22.2,6.8,NA,5.9,NA,-7.8,44.3,12.1,NA,-8.6,15.3,45.5,30.4,30.2,49.8
2008-09-01,NA,17.8,20.2,2.8,15.1,30.2,11.3,20.6,37.7,28.3,26.7,15.7,28.6,20.4,46.8,43.9,46.1,27.1,40.1,24.1,24.7,3.3,NA,10.9,NA,-6,38.2,15,NA,-6.3,10.9,56.2,32.3,36,51.5
2008-10-01,NA,31,44.3,13.5,20,38.1,36.6,37.1,49.6,40.5,39.2,33.2,56.1,24.1,58.6,64.2,67.1,33.4,51.2,39.7,43.8,15.8,NA,27,NA,2.3,53.3,14.2,NA,-0.1,16.9,63.3,55.9,42.7,60
2008-11-01,NA,49.8,62.7,39.4,28,47.4,45.3,41.3,56,51.3,50.1,51.7,62,38.9,63.3,73.1,70.6,42.1,61.9,53.2,54,30.2,NA,47.3,NA,12.9,64,48,NA,48.8,52.7,66.5,61.7,52.2,65.9
2008-12-01,NA,57.2,70.2,55.7,43.4,54.6,57.7,45.6,61.4,61.5,60,59.5,68,55.9,72.5,81.4,73.4,52,74.8,71.1,66.3,24.3,NA,63.7,NA,24.2,65.9,59.5,NA,51.8,60.9,71.2,63.9,50.5,71.2
2009-01-01,NA,58.8,67.3,51.8,49.1,53.1,65,46.3,58.2,61.3,60.2,55.4,66.5,62.2,58.6,82.3,72.8,46.2,78.6,77.7,65.9,22.1,NA,66.4,NA,33.9,76.8,66.5,NA,53.7,72.7,67.4,58.5,45.5,75.3
2009-02-01,NA,59.9,76,55.7,56.6,61.4,64.9,51.4,67.4,66.8,65.9,58.1,67.7,71.6,74.3,84,79.4,50.7,80.1,82.1,70.4,41.3,NA,76.3,NA,57.3,85.6,70,NA,76.3,65.2,67.8,55,41.1,68.1
2009-03-01,NA,63.8,71.8,58.2,59.6,65,49.1,45.5,65.8,70.7,69.2,53.9,74,79.8,72.6,80.1,80.9,59.1,74.8,81.8,70.1,33.5,NA,80,NA,59.2,76.9,73.5,NA,76.5,67,59.4,58.4,37.2,65.2
2009-04-01,NA,65.4,70.2,62.9,54.3,58.3,48.8,31.8,59.1,64.6,63.3,50.7,68.6,78.9,70.4,81.1,70.9,44.7,58.4,77.1,75.2,33.2,NA,70.6,NA,44.5,72.6,70.9,NA,63,71.4,50.9,64,28.4,59.2
2009-05-01,NA,60.4,67.4,56.4,47.8,52.7,43,31,50.3,59.2,57.7,41.1,64.6,77.7,67.9,74.9,72.3,39.5,48.8,75.4,65.9,31.4,NA,57.2,35.5,40.4,71.8,70.6,NA,54.7,56.3,35,45.2,28.5,56.6
2009-06-01,NA,53,65.3,54.7,55.5,42.5,38.7,34.4,44.8,56.5,54.6,38.6,61,74.8,64.6,69.9,58,38.2,57.6,67.4,64.3,27,NA,64,NA,29.1,65.5,63.6,NA,50.7,46.1,31.3,37.4,24,55.5
2009-07-01,NA,54.8,62.7,52.7,56.4,50.1,42.7,21.1,45.3,54.7,52.8,37.4,61,70.9,65.6,69.7,64.5,33.9,68.8,65.6,56.7,29.6,NA,71,NA,31.8,54.9,69.5,NA,46.4,48.6,29.3,33.1,26.4,55.2
2009-08-01,NA,45.5,52.2,53.9,61.5,54.5,46.2,28.4,39.6,55.1,53,40.1,68.6,69.4,61.7,66.7,69,36.1,72.5,71.1,53.1,24.2,NA,58,NA,29.6,52.7,72.1,NA,47.7,45.9,31.6,21.4,30.6,52.7
2009-09-01,NA,41.6,53.8,59.3,48,51.9,33.9,17.6,32.7,49.1,47.5,35,51.1,63.1,47.2,64,55.4,39.3,63.6,62.7,54.1,30.3,NA,45.5,NA,31.2,49.8,72.3,NA,36.1,36.3,35,21.6,22,45.7
2009-10-01,NA,41.6,58.8,56.4,57.1,57.8,41.4,19.1,28.3,49.9,48.3,32.6,50.9,59.8,41.3,59.4,44.3,44.2,66,68.5,52.9,33.5,NA,59.3,NA,37.7,48.2,70.1,NA,46.9,47.8,35.6,16,28.5,45.1
2009-11-01,NA,43.2,59.6,58.2,53.8,62,32.6,24.9,33.7,51.4,49.4,38.4,50,66.9,61.6,65.8,48.8,40.6,61.4,73.2,52.5,37.3,NA,48.5,NA,33.9,56,72.7,NA,47.2,40.1,35.9,10.2,36.3,40.6
2009-12-01,NA,41,69.8,62.2,63.9,63.1,31.2,22.1,34.1,47.8,45.8,30,44.9,61,66.8,59.6,44.4,40.9,64.8,71.1,58.4,34,NA,37.6,NA,26.6,58.5,62.5,NA,36.6,49.4,30.1,11,34.1,44.1
2010-01-01,NA,34.5,65,64.9,66.4,57.8,38.2,15.8,33.9,47.1,45.3,26.7,44.1,64.9,70.4,53.6,39.2,41.8,52.7,64.5,61.6,33.3,NA,33.3,NA,26.3,53.5,73.9,NA,31.2,47.6,22.1,15.1,28.7,36.4
2010-02-01,NA,34.7,67.2,65.5,63.4,54.1,31.8,19.4,29.6,48.3,45.8,27,38.8,61.3,76.9,50,41.7,50,47.2,59.5,51.7,34.2,NA,40.3,NA,25.1,57.9,78,NA,26.8,49.9,31,-3.4,32.9,30.1
2010-03-01,NA,34.4,60.6,65.2,67.5,56.8,27.5,13.8,19.8,47.4,44.5,25,47.1,52.5,81.5,41,43.6,49.1,36,55,48.3,33.7,NA,39.3,19.3,23.7,56.6,72.7,NA,23.8,54.2,32.6,-8.4,34.3,35.8
2010-04-01,NA,23.3,41.3,55.7,59.5,53.2,16.5,-0.4,10,37.4,34.8,16,43.1,32.8,82.2,33.1,35.2,41.5,29.4,61.6,41.1,31.3,NA,32.9,19.3,17.9,51.6,69.8,NA,18.8,45.5,27.3,-14.2,29.8,31.8
2010-05-01,NA,20.4,45,48.8,43.9,55.1,26.9,-4.3,-1.5,35.5,32.9,14,39,30.9,87.9,22.6,30.1,41.8,21.6,55.6,30.6,29.4,NA,23,23.2,17.5,55.6,69.2,NA,23.5,39.4,25.5,-16.5,26.8,34.8
2010-06-01,NA,9,36.3,46.6,45.4,53.3,12.9,-0.4,-7.1,34.3,31.7,8.5,40.4,27.5,88.2,18.2,34.1,41.3,20.1,46.2,25.6,28.9,NA,24.3,24.6,15.6,57.3,72.4,NA,16.4,36.7,28.2,-20.1,19.7,40.2
2010-07-01,NA,4.5,27.7,43.1,47.2,50.3,17.1,-9.5,-9.8,28.9,26.8,2,41.5,11.9,85.6,21.2,36,39.8,21.6,45.9,18.8,29.8,NA,21.3,23.5,14.3,56.7,73.4,NA,16.8,38,25.2,-19.7,22.1,53.6
2010-08-01,NA,1.4,20.6,35.5,54.2,46.6,24.2,-1.4,-9.2,25.3,24.1,-1.2,34.1,11.5,82.2,19.6,36.5,37.1,14.4,33.7,17.7,27.7,NA,12.1,15.8,20.9,52.4,73,NA,23.4,43.7,21.7,-19,21.3,43.9
2010-09-01,NA,3.6,19.3,40.1,51.7,44.4,32.3,1.5,-6.8,22.7,22,-0.7,25.4,5.8,88.7,21.4,42.2,37.6,20.6,30.9,17.6,27.8,NA,14,24.2,24.3,48.3,70.2,NA,17.6,43.4,24.4,-22.5,18,49.2
2010-10-01,NA,2.1,24.2,39.5,53.5,46.7,31.1,2.3,-5,24.2,23.4,1,30.7,2.2,88.3,16.9,41.8,40,16.3,28.6,22.3,28.9,NA,11.7,26.6,24.6,60.5,68.5,NA,29.1,42.9,29.4,-16.3,14.3,46.7
2010-11-01,NA,-1.3,20.8,36.1,60.8,51.3,25.9,12.6,3.7,22.5,22.1,2.2,32.4,-3.5,84.4,22.5,44.9,40.3,16.2,28.1,24.2,23.5,NA,9.1,23.5,23.1,62.5,67,NA,21.6,38,28.2,-16.1,10.8,49.6
2010-12-01,NA,3.8,21.2,29.7,55.7,56.7,26.7,8.9,-1.3,24,23.3,13.4,31.1,-0.3,87.9,28.1,34.7,39.2,24.5,26.9,35,24.7,NA,17.2,15.3,25.8,63.8,63.5,NA,18.5,39,29.9,-16.6,15.9,47.5
2011-01-01,NA,-0.4,16,36.3,48.4,55.6,30.4,3.3,-7.6,22.4,21.8,3.4,31.2,0.6,87.4,28.3,40.4,41.8,16.8,25.9,30.2,29.9,NA,0.3,21.2,25.6,63.6,61.5,NA,23.5,44.6,24.3,-18.6,13.2,51.3
2011-02-01,NA,-2.5,12,40.9,48,49.2,24.8,2.6,1.6,22.4,21.7,1.3,35.4,2.9,87.8,27.5,34.3,38.7,20.8,24.9,30,29,NA,-5.2,20.3,24.5,58.8,56.9,NA,23.7,44.9,22.9,-18.3,12.9,55.8
2011-03-01,NA,-3.4,6.5,47.7,53.9,51.3,24.4,2.9,-3.6,21.4,21,5.6,28.1,0.5,84.5,40,20.8,44.5,19.3,19.5,22.4,31.5,NA,-1.1,21.7,27,59.3,56.6,NA,31.7,45.6,25.1,-19,17.1,53.3
2011-04-01,NA,1,4.9,41.8,34.2,45.3,22.1,-9.3,-3.2,19.2,18.5,0.9,26.2,-4.9,85.2,36.5,33.6,42.1,21.2,11.3,19.4,27.9,NA,2.9,25.6,24.3,64.6,49.6,NA,29.2,45.2,21,-17.4,14.5,51
2011-05-01,NA,7.3,3.6,39.2,33.8,43.2,22.6,-5.5,-5.9,16.3,15.7,5.4,21.1,-5.7,84.4,33.9,22.8,36.9,12.8,4.1,10.2,28.4,NA,6.7,NA,15.2,61.8,50.1,NA,23.7,37.3,14.5,-14.5,13.6,41.6
2011-06-01,NA,0.8,9.4,37.9,36.7,47.5,20.5,-14.2,-7.8,16.1,15.5,9.2,18.3,-4.2,90.5,35.5,27.8,36.1,9.3,5.5,13.4,27,NA,11.6,NA,21,64.1,46.7,NA,23.4,35.9,10.2,-15.5,7.8,40.2
2011-07-01,NA,2.1,5.7,36.8,35.3,52.9,22.3,-1.2,-8.6,18.4,18.1,6.4,28.6,-5.7,88.2,36,32.9,39.6,7.4,8,19.5,25.9,NA,7,NA,21.1,63.7,55.8,NA,15.5,32.6,13.9,-10.5,5.1,43
2011-08-01,NA,9.1,12.3,35.6,43.6,62.4,22.3,10.5,-7.5,27.5,26.7,21.5,40.3,12.3,81.7,32,30.9,40.6,4.7,14.6,27.9,23.4,NA,13.5,NA,27.8,63.3,46,NA,22.9,45.6,18.5,1.6,13,43.7
2011-09-01,NA,17,18.9,40.6,39.6,63.2,30.9,9.1,-1.2,31.7,31,33.7,43.4,14.9,85,39.3,34.3,44,8.8,16.1,32.1,22.7,NA,32.8,NA,24.6,66.6,51.6,NA,24.9,35,21,18.1,10.7,44.3
2011-10-01,NA,27.6,26.2,40.1,46.2,59,34.8,13.3,3.8,34.6,34.1,35.1,41.4,17.7,92.7,40.8,29.2,46.6,12,19.1,47.5,24.8,NA,41.3,NA,28.5,71.4,59.9,NA,31.1,38.2,26.4,22.5,12,50.8
2011-11-01,NA,26.8,41.5,51.3,38.4,59.7,45.3,18.2,18.7,35.7,35.4,34.8,52.1,14.5,91.6,43.1,31.2,42.2,12.8,20.3,45.5,26.3,NA,49.7,NA,31.1,73.9,55.8,NA,49.5,34.5,21,25.9,7.5,48
2011-12-01,NA,32,36.4,51,25,65.4,48.3,24.5,17.8,36.7,36.6,37.9,50.2,15.1,92.9,48.9,45.8,46.8,14.6,29.5,47.3,28,NA,55,NA,36.6,73.2,48.3,NA,46.5,29.1,19.5,27.9,10.4,49.6
2012-01-01,NA,25.7,35,47.7,25,55.5,46.6,26.1,16.9,35.1,35,31.3,46.3,11.2,87.7,49.3,38.7,49.4,14,25.6,39.2,30.9,NA,53.4,NA,35.4,75,46.6,NA,45.8,36,25.8,24.3,10.2,49.6
2012-02-01,NA,24.7,51.6,48.3,47.1,59.4,37.6,12.3,20.3,38.1,37.3,26.1,46.8,16.9,88.8,45.6,30.8,43.4,11.4,24.4,43.3,25,NA,55.2,NA,34.5,75.2,42,NA,35.8,33.8,43.8,25.7,10.1,45.6
2012-03-01,NA,21,34.3,51.8,47.4,57.1,42.5,-2.7,15.1,36.5,35.4,25.1,41.9,13.5,87.5,48.6,18,47.5,15.1,20.8,46.5,27.6,NA,55.5,NA,28.4,73.1,50,NA,37.8,38.8,49.5,18.2,4.1,44.5
2012-04-01,NA,18.8,32.9,48.2,49.2,52.3,36.7,-2.5,10.8,35.3,34.1,16.7,39.1,13.9,88,39,23.5,52.4,14.2,19.3,42.7,25.2,NA,46.5,NA,32.3,70,48.2,NA,20.7,52.4,42.6,11.7,7.9,43.3
2012-05-01,NA,20.7,28.5,48,46.8,53.9,34.8,1.9,4.6,32.8,31.9,18.7,30.4,9.2,81.9,42.8,18,54,13.4,15.9,43.5,27.5,30.8,53.2,20.8,34.3,71.4,35.9,NA,24.5,39.1,44.5,10.3,11.8,40.6
2012-06-01,NA,25.7,32,44.9,47.6,64.1,36,4.8,3.6,35.4,34.5,27.4,36.3,15.7,79.2,40.5,24.7,57.6,8.7,10.7,42.9,26.1,28.7,53.3,17.5,38.4,68.1,40.4,NA,24.6,45.6,30.4,15.7,13.9,38.6
2012-07-01,NA,27.3,36.1,46.7,47.8,64.8,36.8,4.6,5.9,38.3,36.8,38.8,51.9,16.5,67,39,23.5,53.4,7.2,16.9,37.4,24.7,36,48.4,12.8,31.3,67.4,42.3,NA,28.1,41.6,34.1,14.7,11.7,38.7
2012-08-01,NA,29.9,41.3,43.4,55.3,68.4,40.8,8.1,7.8,44.6,42.6,36.5,55.3,29.1,70.8,38.2,19.4,53.4,8.7,17.6,44.4,23.8,30.9,48,13.5,36.1,66,45.5,NA,31.7,42.6,50.3,15.9,13.9,34.6
2012-09-01,NA,33.7,37.3,48.9,59,68.3,42.2,14.2,4.3,44.7,43.3,34,53.3,30.2,82.9,33.2,25.7,56.4,9.7,17.2,42,21.1,34.9,45.4,13.8,42.7,70.4,47.9,NA,38.5,52.5,44.8,18.8,12.2,32.9
2012-10-01,NA,30.8,52.2,49.5,61.2,72.6,42,18.4,6.5,46.1,45,44.9,54.5,29.8,83.6,43,27.5,55.2,8.8,13.7,58.2,21.6,26.1,48.3,18.8,42.3,76.3,49.3,NA,46.8,53.9,48.6,30.7,16.7,33.5
2012-11-01,NA,32.3,67.7,45.1,59.7,74.3,42.9,13.9,8.4,48.9,47.4,42.3,52.4,33.2,81,44.4,24.5,59.1,11.5,12.5,50.8,21.6,25.2,61.9,6.5,40.2,71.8,45,NA,47.2,45.8,53.2,37.2,11.8,27.6
2012-12-01,NA,35.2,62.8,47.6,59.1,78.8,44.4,16.2,4.8,49.9,48.4,35.4,54.7,33.8,82.8,44.9,26.3,55.7,10.9,13.3,51.6,13.8,18.4,69.5,13.4,41,74.1,39.8,NA,54.3,44.8,58,40.6,14.7,29.2
2013-01-01,NA,26.9,60.5,46.1,55.2,68.4,48.6,18.3,-2.9,44.8,44,33.7,51.9,29.4,77.1,40.7,13.6,53.7,6.2,16.7,47.2,9.8,22.9,59.5,-1.7,46,72.5,37.3,NA,53.9,45.4,44.7,35.8,13.7,28.9
2013-02-01,NA,20.8,56.5,48.3,52,54.5,48.6,13.6,1.7,45.3,43.8,28.4,55.5,29.3,79.3,32.3,23.1,51.3,5.7,14.1,45.7,3.2,20.6,69.3,6.6,38.9,69.1,43.6,NA,47.3,47.6,45.6,26.5,12.4,28.9
2013-03-01,NA,19.7,64.1,50.1,45.8,47.8,37,9.1,1.1,44.2,42.4,25.7,53.4,23.5,83,34.2,16.7,54.9,8.3,10.4,45.2,-3.3,25,69,3.8,41.2,70.3,44.5,NA,40.9,43.8,47.9,16.8,10.7,29.5
2013-04-01,NA,20.3,54.4,44.1,41.2,79.5,36.2,5.9,0.1,40.1,38.4,27.2,48.2,20.6,77.9,34.7,17.7,54.1,7.9,10.3,40,-1,20.8,60.6,-5.8,35.6,67.4,47.4,NA,36.4,42,36.9,12.1,10.7,26.1
2013-05-01,NA,21.1,52.2,34.9,37.3,61.7,33.2,4.1,-0.7,39.3,37.7,35,49.7,20.2,67.5,26.6,16.2,49.5,4.6,8.3,45.2,-0.1,21.7,54.6,2.9,37.4,67.8,40.9,23.6,27.8,49.3,41,14.8,15.6,29.8
2013-06-01,NA,26.1,49.4,34.3,32.9,71.3,30.8,-1.7,2.6,35.4,33.9,28.3,51.7,18.5,67.8,28.1,8.9,35.4,6,5.5,48.5,3.4,34.2,63,9.6,32.4,65.5,46.4,28.9,29.3,50.9,25.4,13.3,15.8,24
2013-07-01,NA,36.6,44.2,36.7,19.2,73.5,35.5,-4.4,2.4,32.5,31.1,33.7,42.1,17.4,80.7,24.1,14.3,30.8,8.8,11.3,48.9,2.6,35.2,62.6,7.7,30.1,58.5,47.4,25.4,28.4,41.5,23.6,9,12.2,19
2013-08-01,NA,33.3,33.2,35.5,34.1,72,31.5,-9.1,1.8,32.4,30.9,36.1,39.6,23.1,82.5,28.8,9.5,32.8,9.5,8,46.4,1.1,31.8,44.8,5.7,29.1,50,50.5,27.4,28.7,38.4,24.9,7,10.8,15.3
2013-09-01,NA,29.1,35.2,33,38.3,66.1,28.3,-4.5,2.2,30.7,29.4,31.3,34.4,24.9,74.8,21.5,7.7,33.4,10.3,13.1,41.3,-2.5,27.6,47,8.5,29.2,44.1,50.7,22.1,30.8,37.4,17.1,6,13.5,10.3
2013-10-01,NA,28,39.6,39.1,43.9,67.1,38.6,-7.3,2.3,31.4,30.2,35.9,30,26.8,69.7,18.1,3.7,36.3,11.2,12.4,34,0.8,22.7,43.2,2.2,30.4,44.9,49.4,20.3,25.9,41.6,23.9,9.1,15.2,11.3
2013-11-01,NA,30.6,40,37.9,42.6,64.8,28.5,-5.5,-0.8,33.4,31.9,33.4,46.1,21.3,74.2,16.6,1.3,39.7,10.9,12.7,38.6,-2,23.5,36.9,7.5,29.7,40.3,46.2,26.7,21.1,41.4,23.6,10,13,10.9
2013-12-01,NA,36.6,37.2,37.2,49.9,55.5,30.2,-5.4,2.8,31.2,29.8,30.3,36.8,25.7,69.4,18.1,1.4,37.2,6.5,11.9,35.7,-4.3,26.9,35.5,6.7,29.6,34.2,47.5,32.8,23.2,40.4,16.5,5.1,18.9,19.8
2014-01-01,NA,31.9,33.4,32.9,40.1,54.4,22.3,-9,3.1,26.6,25.3,25,36.4,20.5,62.3,11.6,-3.8,34.1,5,8.6,38.6,-0.1,21.4,27.3,5.1,28.7,23.4,42.7,30.4,16.4,39.2,6.4,-1.2,18.5,13
2014-02-01,NA,25.2,35.1,35.7,42.4,36.9,23.7,-6.8,1.6,28.3,26.8,32.7,40.1,18,62.6,17.4,-3.5,34.1,7.3,7.5,36.3,1.1,10.3,41.7,0.5,28.6,18.1,41.7,26.4,17.7,39,14.9,-2,21.4,6.2
2014-03-01,NA,26.2,37.2,33.7,40.6,41.5,17.3,-7.2,3.9,22.4,21.4,28.9,36.1,12.6,58.1,12.1,-8.1,25,7.4,9.1,34.9,-1.1,6.3,28.7,0.9,23.7,26,41.3,11.6,14.5,37,3.7,-0.3,19.8,8.8
2014-04-01,NA,27.3,33.4,30.5,39.5,43.6,15.5,-7.3,1.2,20.4,19.5,33.7,36.3,10.5,48.7,8,-8.9,21.4,4.9,15.6,36.5,-0.8,6.4,32,-2.3,23.1,23.7,39.9,18.2,12.1,35.4,-2.8,-1.6,17.3,5.2
2014-05-01,NA,32.1,27.1,30.3,41.3,38.4,16.5,-10.6,5.7,17.3,16.6,24.3,34.9,7,39,11.5,-4,18.4,4.2,9.8,34.1,1.7,3.1,16.6,-5.7,17.4,15.5,41.7,21.8,10.7,26.5,-1,-3,23.3,-1.3
2014-06-01,NA,29.6,27,34.9,37.2,27.3,14.3,-18.5,5.2,18.3,17.1,26.7,38.7,6.6,39.3,12.8,1.3,22.6,3.3,9.5,24.6,-0.6,-3.2,19.4,1.1,17.3,11.2,36.1,17.4,10,29.7,-5.6,-5.1,20.9,0
2014-07-01,NA,33.9,36.9,36.7,39.8,24.8,10.3,-17.9,2.8,21.2,19.9,23.3,44.3,9.9,39.1,11.1,-9.6,23.6,2.1,11.6,31.3,-3.2,8,12,3.2,24.1,12.4,38.8,23,6,23.3,1.1,-5.9,20.9,4
2014-08-01,NA,35.8,26,39.1,37.6,28.8,20.4,-15.8,3.5,23.5,22,37,42.4,18.5,45.4,17.1,-9.1,25.7,11.8,21.2,33,-2.4,16.3,6.1,4,22.6,13.8,36.5,27.5,10.9,27.9,1.4,-7,19.3,0
2014-09-01,NA,40.3,28.5,36.1,39,35.4,24.7,-7.3,12.6,25.9,24.3,40.7,44.3,20.3,49.6,13.6,-11.7,27.5,13.5,19.7,37.6,-1.6,14.8,4.9,2.2,21.5,13.9,39.4,23.4,20.9,14.9,9.3,-7.2,19.1,2.6
2014-10-01,NA,41.2,32,42.6,42.2,26.1,17.6,-4.6,9.6,25.6,24,42.3,38.9,21.2,44,12.5,-13,30.7,11.3,17.1,35.3,-5.4,12.1,5.8,2.3,20,14.8,33.8,23.3,19.2,17.4,8.1,-1,35,-0.3
2014-11-01,NA,40.5,32.2,34.9,43.6,21.1,13.2,-5.9,6.2,26.1,24.2,37.5,41.5,22.4,44.5,14.7,-14.2,29.2,12.1,13.9,33.7,-1.6,10.4,12,9.4,14.2,9.7,25.3,19.7,12.5,22.5,7.1,3.7,32,1.4
2014-12-01,NA,43.5,31.3,38.1,39.3,21.7,12.9,-0.4,10.3,25.7,24.1,36.5,44.5,20.6,48.3,20.7,-14,27.6,12.7,15.2,34.7,-6.3,17,16.2,9.8,16.5,16.5,22.4,23.4,8.2,22.5,0.8,6.2,32.4,2.9
2015-01-01,NA,35.7,24.6,34.2,24.8,28.8,8.7,-8,10.1,20,19,32.6,40.1,16.1,41.7,21.5,-15.2,21,12.1,9.2,28.6,-5.6,7.7,11.8,4.4,21.7,16.4,18.7,17.4,6.9,16.5,-10.6,5.2,33.3,6.4
2015-02-01,NA,40.4,22.6,33.2,23.9,24.1,12.2,-9.7,19.4,17,16.4,26.8,37.9,16.4,15.7,19,-16.1,5.9,10.1,6.8,23.2,-9.2,5.9,17.1,6.7,18.9,11.8,23.4,25.5,6.8,24.6,-6.7,7.1,34.7,3.3
2015-03-01,NA,32.8,22.4,30.4,17.7,24,11.6,-17,7.1,9.1,9.3,24.1,26.5,6.7,16.3,17.9,-15.2,-0.3,2,2.4,24.7,-11.2,7.5,2.6,5.7,13.8,7.7,24.9,27.9,4.6,17.5,-11.5,10.4,32.4,3
2015-04-01,NA,33.5,23.4,27.8,16.1,22.1,7.7,-16,9.3,12,11.8,20.4,34.2,5.4,33.4,18.9,-16.7,9.6,-0.6,3.5,25.9,-11.5,9,2.4,-1,13.4,14.2,26.2,14.9,3.5,16.2,-16.1,10.8,31.4,1.9
2015-05-01,NA,34.1,14.3,23.4,17.1,12.6,7.3,-14,10.4,12.7,12.3,15.7,35,6.1,38.1,14.2,-19,11.7,1.6,2.9,17,-12.6,5.5,2.1,1.9,15.2,8.8,23.9,11.9,13,16.9,-12.7,8.8,34.3,2.7
2015-06-01,NA,39.4,11.5,26.9,14.7,11.2,4.2,-15.7,11.8,10.7,10.4,19.7,34.7,5.9,46.3,19.2,-18.3,1.8,9.9,5.9,17.9,-12.5,10.4,-4.8,-6.5,10.2,6.2,22.3,19.8,8.8,8.6,-12.5,9.9,31.1,2.8
2015-07-01,NA,41.2,16.5,28.5,10.9,18.7,8.7,-12.5,11.9,14.4,13.7,25.4,36.2,7.8,51.2,19,-14.3,11.2,4.4,8,18.9,-7.9,14.9,2.2,0.5,9.3,10.4,21.7,17.1,9.5,12.1,-11.2,11.6,36.1,6
2015-08-01,NA,41,7.6,24.4,18.9,13.3,12.3,-11.4,14.8,16.4,15.5,28.6,32.9,16.4,64.3,16.5,-12.6,11.6,6.2,8.5,22.3,-8.4,11.4,-5.8,2.3,10,5.6,21.1,17.2,9.5,2.9,-4.6,12.1,36.5,9.1
2015-09-01,NA,49.1,24.4,26.5,21.6,11.3,10.1,-8.5,13.2,18.5,17.8,36.5,28.6,26.7,65,20.7,-12.9,3.1,12.4,14.3,23.7,-10.8,18.5,-0.3,1.5,13.6,5.6,27,20.7,12.9,3.1,-2.4,14.5,38.1,16.7
2015-10-01,NA,52,22.8,25.9,17.1,5.6,8.4,-6.6,14.9,21.7,20.4,36.2,36.2,32.1,55.3,12.6,-12.7,0.6,9.8,9.1,30.9,-11.2,3.6,8.9,3.3,8.7,12.2,23.9,12.6,7.6,13.1,-1.9,22.6,35.4,18.1
2015-11-01,NA,55.7,19,25.8,18.3,-3.2,4.9,-4.2,16.1,17.5,17,38.5,23.1,29.5,62.9,9.8,-17.2,-1.3,11.8,6.3,23.1,-12.4,8.5,7,-2.2,7.4,12.4,20,11.5,9.3,13.1,-5.6,33.2,15.3,14.3
2015-12-01,NA,55,17.4,25.5,18.8,2.5,2.1,-4.6,14.2,19.9,19.1,38.3,31.2,31.8,63.9,15.7,-17.7,4.8,10.9,7.1,17.8,-7.2,7.4,8.6,0.6,10.9,7.9,23.9,13.4,5.5,11.3,-13,24.2,21.6,10.8
2016-01-01,NA,53.3,14.2,22.3,10.4,-1.1,-2.6,-2.5,15.4,17.7,16.5,25.7,20.7,32.9,60.1,14.3,-16.5,1.4,9.1,6.4,13.1,-9.2,8.5,17.9,-5,4.1,7.6,22.8,16.5,-5.9,11.2,-9.5,17.6,26.4,11.7
2016-02-01,NA,48.8,18.1,22.3,8.9,2.5,1.1,0.2,34.6,21.1,19.8,31.9,30.7,34.1,55.6,14.2,-16.7,7,8.1,6.8,16.1,-10.9,10,9.9,-6.4,4.6,4,24,10.2,-3.6,19.2,-5.3,20.1,33.8,11.6
2016-03-01,NA,46.7,16.8,24,10.4,-2.5,2.1,2.8,31,21,19.8,21.5,25.5,32.7,65,18.4,-13.1,6.7,16.1,3.7,9.1,-13.2,5,24.5,-1,7.2,5.5,25.9,9.9,-3.3,15.6,0.7,16.3,32.2,13.5
2016-04-01,NA,47.3,14.5,23,8.3,-7.1,3.9,-0.2,23.8,19.7,18.3,24.2,31,26.2,68.3,12.4,-12.6,9.6,12.1,4.2,4.6,-9.5,5.2,11,-2.3,0.8,7.7,23.4,5.5,-2.5,14.8,-3,15.4,30.9,15.1
2016-05-01,4.2,42.4,16.8,19.7,14,-6.7,8.5,2.3,18,14.4,13.9,17.5,12.2,22.6,62.4,10.4,-12.5,10.3,8.9,6,3,-12.5,7.8,12.5,5.9,4.4,6.6,22.7,1.9,-3,10,-5.7,16.7,31,21.3
2016-06-01,-4.6,40.3,8.5,22.6,13,-9.6,3.7,-0.3,14.3,13.1,12.5,16,12.5,20.6,57.9,9.6,-16.5,13.7,11.9,4.4,2.6,-15.3,6.9,0.4,1.4,4.3,9.5,23.4,5.6,-1.3,9.8,-8,12.4,29.4,21
2016-07-01,-3.2,36.2,10.5,18.8,16.2,-2.7,7,2.1,16.2,14.2,13.5,14.7,17.5,18.1,58.7,7,-6.5,12.9,18.5,7.1,5.9,-14.5,8.9,3.4,2.7,3.3,9.3,23.5,16.9,1.1,6,-2,12.6,31.7,22.7
2016-08-01,3.9,41.7,8.1,21,19.4,-6,7,-3.5,11.9,18.3,16.9,11.9,22.1,26.4,66.3,9.2,-11.3,16.2,12.9,6.8,1.5,-12.2,10.7,0,-5.3,3.3,7.8,25.4,12.3,0.5,5.1,1,10.9,23,15.9
2016-09-01,0.5,46.9,28.6,20.3,12.7,-4.7,7.1,-2.4,10.5,19.3,17.7,10.1,19.3,29.4,63.4,10,-12.4,14.5,13.6,7.8,7.1,-16.3,12.5,-2.7,0.8,3.1,5.2,25.4,8,-0.3,2.5,5.2,6.5,19.6,10.3
2016-10-01,-2.3,41.3,40.4,21.8,15.3,-10.8,4.3,1.9,7.9,21.2,19.5,9.5,26.4,29,61.4,13.4,-10.4,17,15.2,5,13.6,-17.4,3.2,0.4,2.2,4.8,5.9,19.7,7.2,-0.7,3.5,2.4,9,22.8,12.9
2016-11-01,-2.4,40.2,26.4,23.4,16.1,-9.1,3.6,4.3,9.1,16.5,15.4,5.7,18.6,25.4,62,8.1,-6.4,16.5,17.6,1.8,5.8,-15.6,5,-6.3,-2.5,1.9,-0.8,19.4,-3.5,0.5,4.9,-5.8,10.6,28.7,19.6
2016-12-01,-3.5,30.4,17,19,9.8,-11,4.6,1.7,7.5,13.5,12.5,2.5,16.1,22.8,57.9,8.3,-7.2,13.1,24.3,2.9,9.7,-14.6,6.9,-11.9,-5.4,4.5,-4.5,19.4,-0.3,-0.7,4,-6,2.5,34.6,18.2
2017-01-01,-4.3,28.4,4.4,22.9,6.9,-14.1,-0.2,-6,9.3,10.7,9.7,-1.6,10.1,19.8,61.2,4.1,-11.4,17,17.8,4.5,6.2,-12.3,12.6,-18.6,-1.3,3.4,-4.7,12.4,-1.3,-3.9,-7.2,-8.3,1.6,31.1,16.5
2017-02-01,-4.4,21,13.5,17,2.9,-6.3,-1.6,-8.5,6.9,12.5,11.3,-1.5,15.6,22.5,63,3.3,-5,15.4,14.5,7.4,4.1,-16.5,11.5,-23.1,-0.1,5.4,-9,14.5,4.6,-4.2,2.2,-5.8,4.1,32.1,15.8
2017-03-01,-4.3,23.9,7,17.5,2.1,-10.8,-3.6,-8.5,8.1,9.4,8.2,-4,13,16.9,62.4,2,-9,13.3,12,9.8,-1.9,-12.1,20.4,-20.3,-2.9,-0.4,-12,14.2,-0.3,-2.9,1.3,-9.6,-2,29.6,13.8
2017-04-01,-3.6,19.2,2.8,23.7,18.5,-8.3,-3.9,-10.2,8.5,5.8,4.9,-4.7,9.1,10.4,63.6,6.2,-12.2,14.1,8.9,4.6,-1.1,-17.1,8.3,-21.7,5.1,-6.2,-13.6,15.7,-7.4,-4.1,-2.6,-15.6,-1.5,26.9,17.6
2017-05-01,-3.3,7.6,2.9,18.3,10.5,-16.1,-4.1,-4.6,6.5,5.1,4.5,-7.4,9.5,8.9,58.4,5.4,-13.1,14.2,8.1,7.4,-10,-13,10.2,-17.8,2.2,-6,-18,17,-11.3,-6.3,-4,-14.2,-0.3,24.7,17.7
2017-06-01,-8.5,10.9,3.7,13.7,8.3,-12.3,0,-11.1,4.8,2.8,2.4,-8.3,0.6,7,52.5,5.6,-14,15.5,7.3,6.7,-4.6,-16.9,21.1,-19.7,-3.4,-6.5,-20,16.6,-7.5,-5,-7.8,-14.7,2.2,29.3,18.1
2017-07-01,-13,10.6,-0.3,19,8.2,-12.4,1.7,-10.5,2.9,4.4,3.9,-7.7,5.5,7.7,44.1,5.7,-11.7,16.7,5,9.3,-3.1,-13.5,18.3,-18.9,-5,-7.3,-17.8,22.5,-5.9,-6,-6.9,-11.2,2.4,25.6,16.7
2017-08-01,-5.6,6.2,-6,20.7,9.1,-14.2,3.5,-11.2,6.3,5.5,4.8,-8.2,4,13.3,45.2,4.2,-15.3,14.7,7.8,5.4,-2,-19.3,7.9,-25.4,-1.7,-5,-13.1,17.7,-6.6,-4.5,-4.7,-3.7,-0.1,27.6,17.5
2017-09-01,-5.8,9.6,-4.3,15.5,9.7,-10.1,0.4,-8.2,2.8,7.4,6.6,-7.7,11.3,17.5,46,3.9,-12.6,5.1,10.5,4.2,3.1,-16,11.1,-22.3,-5.8,-0.6,-10.3,19.1,-2.8,-5.5,-6.6,0.2,-1.6,29.5,12.4
2017-10-01,-3.9,4.3,-0.1,19.4,15.7,-5.3,3.8,-8.8,2.8,7,6.4,-7.4,15.2,13.3,42.3,3.9,-15.1,7.5,8.4,6.6,-1.5,-19.7,8.2,-27.7,-5.6,-0.9,-14.1,22.6,-4.1,-5.5,-8.7,0.3,-1,29.1,14.9
2017-11-01,1.2,2.3,0.3,16.1,12.6,-17.1,-0.2,-8.4,3.9,5.8,5.1,-8.6,4.1,14.1,41.3,3.6,-12,11.5,13.4,2.6,-0.4,-27.3,14.4,-25.4,5.2,-5.6,-13.3,25,-8,-4.6,-8.6,1.5,-3,29.1,15.7
2017-12-01,2.5,1.4,4.4,18.5,6.6,-9.8,1,-10.4,3.9,4.6,3.9,-7.8,8,11.3,36.1,-0.6,-12,7.6,8.9,4.3,-0.3,-32.2,12,-29.5,-1.7,-6.5,-12.5,24.4,-4.8,-5.6,-12,-1.8,-5.9,29.4,19
2018-01-01,1,-3.8,-6.4,14.2,1.1,-17.5,-2.6,-12,1.7,0.9,0.4,-9.8,1.2,9,37.1,-1.3,-16.8,8.1,1.7,6.5,-4.5,-30.2,16.2,-30.8,2.1,-11.2,-12.6,23.8,-15.3,-8.1,-13.2,-10.1,-4,24,16.2
2018-02-01,2.5,-5.2,3.2,13.7,-6.5,-20.1,-2.8,-8.6,6,3.2,2.6,-13.9,7.1,9.4,39.1,1.4,-15.7,9.3,12.4,6.9,-5.3,-28.5,11.6,-29.1,4,-6.6,-10.5,22.2,-13.9,-7.2,-10.2,-7.2,-3.5,24.7,15.1
2018-03-01,1.2,-4.4,-3.4,13.2,2.2,-19.6,-0.6,-11.2,1.2,1,0.8,-11.3,4.4,6.3,32.8,3.5,-12.2,6.6,10.9,8.6,-2.5,-31.9,16.9,-30.8,6.1,-5.3,-15.4,20.2,-17.5,-7.4,-8.2,-5.9,-4.8,26.5,18.7
2018-04-01,-0.9,-3.9,-4.6,13,-3.7,-18.9,-2.4,-8.9,2.8,-0.1,-0.5,-14,2.8,5.6,32.1,-2.5,-12.1,6.9,9,3.2,-6.4,-31,18.2,-28.7,4.2,-12.5,-18.2,17.5,-17,-7.8,-11,-10.6,-2.2,25.5,19.9
2018-05-01,0,-4.9,-0.7,9.6,-6,-21.2,-3.4,-10.7,0.5,-0.2,-0.5,-13.6,-1.3,4.7,32.9,-1.1,-16.4,11.4,3.4,3,-4,-32.9,15.5,-26.3,6.6,-9.9,-19.8,19,-18.2,-10.1,-8,-9.8,-2.7,27.1,17.4
2018-06-01,-2.2,-3.4,0.1,11.2,0.4,-9.2,-1.6,-11.1,2.4,0.4,0,-9.5,6.7,4.7,35.6,-1.4,-15.3,3,8.7,3.6,-5.6,-30,18,-28.1,-0.9,-9.3,-16.2,15.5,-14.8,-9.4,-6.5,-9.4,-1.5,24.6,22.1
2018-07-01,-3.5,1.2,-3.1,13.8,-3.4,-2.5,1.7,-9.8,1.6,1.4,1,-12.2,8.1,4.6,32.3,1.7,-13.2,5,3.4,1,-3.4,-28.3,18.5,-26.8,-2.9,-8.1,-9.8,16.6,-19.4,-10.6,-6.6,-6.7,-2.4,23.1,20
2018-08-01,-1,3.7,-1.2,18.8,1.6,-7.2,1.7,-11,1.6,6.7,5.6,-7,16.5,8.3,35,4,-12,11.9,7.2,2.7,-0.9,-28.6,8.1,-26.9,0,-8.2,-7.8,13.9,-16.1,-6.4,0.1,1.3,-1.2,25.9,20.6
2018-09-01,-0.5,-0.4,-1.6,14.3,1,-4.8,2.3,-8,-1.3,7.6,6.6,-6.5,14.9,10.6,25.4,-0.3,-10.5,8.3,4.9,1.2,-3.2,-31.9,4,-26.9,-3.7,-2.2,-5,17.3,-19.5,-6.6,-0.4,14.1,-2.7,32.8,18.4
2018-10-01,4.1,-1.6,1,15.6,5,-8.3,2.6,-9.4,2.8,7.6,6.9,-0.7,11.3,13,20.6,1.1,-7.2,7.1,5.2,5.3,0,-32.6,14.6,-19.7,-5,-1.4,-5.5,18.8,-22.7,-5.4,0.8,12.5,2,36.4,17.2
2018-11-01,0.8,-0.3,4.2,15.4,-1.8,-7.9,5.5,-5.1,4.8,8.5,7.8,-2.7,18.6,7.5,17.4,-0.1,-4.7,13.1,4.1,6.4,-1.2,-29.1,11.6,-21.2,-2.4,-0.4,-5.5,20.7,-20.1,-7.4,3.3,10.7,3.6,36.6,18.3
2018-12-01,2.4,1.2,5.1,15.9,-5.1,-8,3.3,-3.3,0.6,10.8,10,1,23.2,8.9,17.7,1.2,-6,16.9,3.6,7.9,-2.6,-25.8,14,-14.6,-1.2,-0.7,-5.1,17.1,-24.2,-5.9,-1,9.6,10.7,39.1,22.9
2019-01-01,1.2,-2.6,5.2,17.1,-2.3,-12.6,5,-2.3,3.1,8.7,8.2,1.7,19.1,7,17.7,-1.4,-2,14.6,4.3,2.9,1.4,-22.1,12.7,-12.1,4.2,-0.3,-1.9,16.1,-24.4,-7,-4,5.6,11.7,39.1,23.4
2019-02-01,1.3,-3.2,10.2,17.2,-5.2,-8.4,6,-3.4,3.4,8.2,7.6,0.8,9.8,10.5,22.5,-0.3,6.9,12.7,9.6,3.6,0.3,-32.3,12.9,-13.8,-7.3,-4.5,-0.5,16.2,-23.5,-2.6,3.7,9,11.2,41,25.4
2019-03-01,-2.2,-2.1,10.1,14.6,-6.9,-10.6,8.5,-0.3,2.8,8.2,7.5,1.5,13.1,7.9,21.1,-2.5,3.9,13.6,6.5,2.7,0.7,-23.2,16,-13.1,-6.6,-4.9,2.4,16.6,-24.3,4.8,2.3,6.6,8.7,41.1,23.1
2019-04-01,-0.7,1.9,11.3,16,-5.8,-11.2,6.8,-2.8,9.6,8.4,7.7,2.8,12.5,9.8,20.8,-5.6,0.4,13.1,2.2,0.9,2.5,-24.2,14.1,-11.2,-7.8,-3.6,-4.1,15.8,-24.4,-0.8,3.5,5.3,9.3,36.5,22.4
2019-05-01,3.8,3.7,4.9,15.8,-3.2,-13,6.8,-2.1,6.5,5.6,5.4,4,4.2,9.6,15.8,-1.5,-4.2,11.9,2.5,1.7,7.6,-21.3,8.2,-13.9,-7.6,-2.8,-3.2,14.3,-24.4,0.8,2.8,2,11,43.7,20.1
2019-06-01,6.2,4.2,4.2,13.7,-10.1,-4.4,6.1,-4.3,5.7,7.4,6.6,1.9,5,13.6,16,-3.7,-2.8,16.2,2.3,-3,3.7,-23.1,8.5,-15,-7.5,-8.1,-3.7,13,-23.5,-3.8,2.4,1,11.1,43.7,23.3
2019-07-01,6.9,7.8,5.1,13.6,2.6,-8.6,8.3,-0.5,6.6,9.5,8.4,3.7,6.8,20.1,7.9,-2.2,6.3,12.1,3.9,1.6,12.2,-29.3,8,-12.2,-1.5,-10.6,-5.1,14.4,-23.5,-1.6,0.8,3.5,7.5,44.4,23.6
2019-08-01,7.1,10.5,7.4,19.1,3.7,-4.2,13.9,1.2,7.5,13.1,12.3,5.3,7.9,24.4,-6.9,-4.6,17.8,12.5,5.3,1.1,17.8,-29.8,11.6,-5,-3.4,1.7,-0.5,15.1,-25.5,5.9,7.2,15.7,16,41.7,25.1
2019-09-01,5.3,15.2,16.2,14.3,5.7,-3.5,14.4,4.1,6.6,13.6,12.9,12.2,3.8,23.8,-8.1,-3.2,15.7,11,7.2,2.9,19.1,-18.3,11.7,-5.9,-5.6,-1.4,2.1,13.4,-25.8,6.4,13,25.9,24.1,44.7,26.2
2019-10-01,4.1,19,14.3,11.2,3.1,-0.8,14.6,5.8,8.8,16,15.3,11.8,9,23.7,-10.1,-0.6,24.2,15,6.8,7.4,14.7,-19.1,5.4,-1.4,-4.9,2.3,1.3,17.3,-28.9,6.1,16.9,28.3,27.4,43.2,27.3
2019-11-01,5.1,21.5,11.5,10.6,-1.2,-6,12.8,7.7,8.6,15.5,14.9,12.9,3.4,19.4,-10.4,-0.3,14.6,24.9,5.5,8.3,19.7,-22.9,5.8,8.6,-7.3,-0.3,0.5,18.6,-27.1,9.3,18.9,26.5,29.2,41.2,22.9
2019-12-01,3.9,23.2,14.4,14.9,2.9,-6.2,17.5,6.2,6.8,17.1,16.5,10.2,10.4,20.7,-7.9,-1.1,8.9,22.5,13.5,11.3,20.1,-18.1,7.6,9.3,-7.3,4.2,1.8,17.6,-29.7,10.2,17.8,27.3,27.3,42.9,23.8
2020-01-01,6.7,15.9,8.4,16.5,-7.7,-4.9,17,2.7,9,13.4,13,10.9,6.5,18.8,0.1,0.5,2.7,16.2,8.4,6.8,20.1,-22.9,7.9,4.3,-13.5,3.1,0.4,13.6,-32.4,10.1,16.2,22,24.8,43.2,19.7
2020-02-01,9.3,14.9,10.1,16.8,-6.8,-5.3,16.2,6.3,8.9,12.9,12.7,5,-1.2,21.7,-0.9,3.2,3,18.6,11.7,7,17,-19.9,6.7,0.7,-21.1,4.7,6.5,14.6,-30.6,10,17.6,22,24.1,46.2,18.7
2020-03-01,7.9,22.7,18,18,10.8,42.1,16.9,10.7,9.2,22.8,21.6,19.7,12.4,28.6,16.1,4.4,10.3,35.4,20.2,14.2,28.5,-2.6,2.7,10,-11.3,3.1,13.5,18.7,-29.5,10.5,24.2,22.5,33.4,42.4,17.8
2020-04-01,NA,49.2,59,74,48.5,63.3,58.5,41.1,72.1,63,63.5,55.1,46.7,65.1,72.2,78.3,48.3,NA,63.1,57.7,63,56,35.5,68.5,26.5,76.9,79.3,64.7,-6.5,71,63.5,69.6,62,46.2,47.8
